fingerprint,count,example_raw_text,top_ynab_payees,top_ynab_categories,canonical_payee
angeli eirini vytina,1,ANGELI EIRINI VYTINA GR,Agelini Iyrini (1),Greece 2025 (1),Agelini Iyrini
anivals ood sofia,1,ANIVALS OOD SOFIA BG,Anivals Sofia (1),Bulgaria July 2025 (1),Anivals Sofia
atlas,4,ATLAS,Train food (2); Oren Meshi Bakery (1); Atlas (1),Going out and restaurants (3); 🛍️Groceries (1),Train food; Oren Meshi Bakery; Atlas
bbb עין שמר,1,BBB ב-עין שמר,Bbb (1),University (1),Bbb
bili eood bansko,1,BILI 3211 EOOD BANSKO BG,Bili Bansko (1),Bulgaria July 2025 (1),Bili Bansko
billa sofia,2,BILLA 191 02 SOFIA BG,Billa Sofia (2),Bulgaria July 2025 (2),Billa Sofia
bit,269,BIT,Shira Yahav (57); Subject payment (55); Subject (39),University (94); Chugim parents (59); Unexplained expenses (22),Shira Yahav; Subject payment; Subject; Bit; Mark driving instructor; Voice lessons; Yam Guvrin; Oded Dog Trainer; Hava; Present; Tal Sabach; Math tutoring Mikael; Lychee; Mikael; Bit fees; Maya photographer; Birthday gift; Tunisian sandwhich; Tania Massage; Strawberries; Salon Table; Maayan Shachar; Shai Aikido; Rehovot apartment; Gift to teacher; Malka Mayan Ben Ari; Gift Mikael teacher; Pizza; Meir Halachmi Woodworking; Efrat Taig; Malabi; Park Hasofrim Market; Bake sale; Hilla; Pizza Hatahana; Yoga; Adrian Sports Trainer; Earrings; Music museum Jerusalem; Juggling Jerusalem; Maya Meirav; Ben Shofan Trainer; Fruits; Yarden Mom; Italy Concert; Mikael Italy; Mika Airbnb Yodfat; Dates; Vaad Horim; Yehuda Computer repair; Pilates marketing; Eilat; Vegetables Chen; Roee seminar; Naama Himob Consult; Mike Feinberg; Harel Aikido; Bialik; Asaf Bril; Gift to Sayarut teachers; Sayarut food; Pizza Capoiera; Hadas Yaara Birthday; Merkaz Hahalbasha; David Broza; Avishai Gilad; Luka food; Supermarket; Nofshon Yiron; Itai Cohen
bordo,1,BORDO,Bordo (1),Going out and restaurants (1),Bordo
cafe nook,1,CAFE NOOK,Cafe nook Rehobot (1),Opher food (1),Cafe nook Rehobot
carbon grip,1,CARBON GRIP,Carbon grip climbing shop (1),🛍️Groceries (1),Carbon grip climbing shop
cello,33,CELLO,Cello park (33),Transportation (33),Cello park
citygate sofia transit sofia,6,CITYGATE SOFIA TRANSIT SOFIA BG,Sofia transport (6),Bulgaria July 2025 (6),Sofia transport
codespark academy,2,CODESPARK ACADEMY 2144154542 US,Codespark academy (2),Software Subscriptions (2),Codespark academy
decathlon,22,דקטלון יישראל בעמ,Decathlon (18); Decathalon (3); Isshin Aikido (1),House and stuff (8); Clothing (6); Bulgaria July 2025 (5),Decathlon; Decathalon; Isshin Aikido
duty free,4,סטימצקי-דיוטי פרי ספרים,Duty free (3); Duty free books (1),Bulgaria July 2025 (3); Gifts (1),Duty free; Duty free books
el al israel airlines,1,EL AL ISRAEL  AIRLINES,El al (1),University (1),El al
em yu zeng,2,EM752427 YU ZENG,Subject payment (2),University (2),Subject payment
etsy etsy,1,ETSY WWW.ETSY.COM IE,Etsy (1),Gifts (1),Etsy
experiment gongxu ji ed gongxu ji,2,EXPERIMENT GONGXU JI ED00306 GONGXU JI,Subject payment (2),University (2),Subject payment
experiment yipeng gou em yipeng gou,2,EXPERIMENT YIPENG GOU EM4469 YIPENG GOU,Subject payment (2),University (2),Subject payment
fika פיקה,1,FIKA ב-פיקה,Fika Tel Aviv (1),Birthdays (1),Fika Tel Aviv
get bike,1,GET BIKE,Get Bike (1),House and stuff (1),Get Bike
gett,1,GETT,Gett (1),Transportation (1),Gett
good market,1,GOOD MARKET,Good Market Tel Aviv University (1),Opher food (1),Good Market Tel Aviv University
happy market bansko,1,HAPPY MARKET BANSKO BG,Happy Barket Bansko (1),Bulgaria July 2025 (1),Happy Barket Bansko
hatch,1,HATCH,Hatch Shuck Jerusalem (1),Vacation 2024 4000 (1),Hatch Shuck Jerusalem
hot,8,"HOT MOBILE הו""ק | הוראת קבע",HOT (8),Internet (8),HOT
ice city,4,ICE CITY,Ice City (4),Going out and restaurants (4),Ice City
iherb iherb iherb,3,IHERB IHERB.COM IHERB.COM NL,iHerb (3),House and stuff (2); Loans and transfers (1),iHerb
ikea איקאה,23,IKEA ב-איקאה,Ikea (18); Ikea food (4); Ikea groceries (1),House and stuff (14); House 2024 4000 (4); 🛍️Groceries (3),Ikea; Ikea food; Ikea groceries
illusions sofia sofiya,1,ILLUSIONS SOFIA SOFIYA BG,Illusions Sofia (1),Bulgaria July 2025 (1),Illusions Sofia
isweet,1,ISWEET,Isweet (1),Going out and restaurants (1),Isweet
japanika,3,אם הדרךJAPANIKA,Japanika (3),Going out and restaurants (1); Summer 2024 8000 (1); Summer 2025 (1),Japanika
jatin experiment jatin pandit,4,JATIN Z4614544 EXPERIMENT JATIN PANDIT,Subject (4),University (4),Subject
juice bar pier schwechat,1,JUICE BAR PIER WEST SCHWECHAT AT,Juice Bar Vienna Airport (1),University (1),Juice Bar Vienna Airport
kokkina pytharia vytina,1,KOKKINA PYTHARIA VYTINA GR,Kokkina (1),Greece 2025 (1),Kokkina
ksp,4,"KSP ב""ש",KSP (4),House and stuff (3); Bulgaria July 2025 (1),KSP
lime payoff jby5 li me,2,LIME*PAYOFF JBY5 WWW.LI.ME US,Lime (2),Transportation (2),Lime
lime ride jby5 li me,2,LIME*RIDE JBY5 WWW.LI.ME US,Lime (2),Transportation (2),Lime
ma baker eood sofia,1,MA BAKER EOOD SOFIA BG,Baker Food Sofia (1),Bulgaria July 2025 (1),Baker Food Sofia
mona liza eood sofiya,1,MONA LIZA BG EOOD SOFIYA BG,Mona Liza Bulgaria (1),Bulgaria July 2025 (1),Mona Liza Bulgaria
mr pretzels israel,1,MR PRETZELS ISRAEL,Mr. Pretzel (1),Going out and restaurants (1),Mr. Pretzel
next www2 next gb,1,NEXT ONLINE WWW2.NEXT.CO. GB,Next online (1),Pilates (1),Next online
nila kadamannil,2,NILA KADAMANNIL 05584439,Subject (2),University (2),Subject
nyx serdicastarltd sofia,1,NYX*SERDICASTARLTD SOFIA BG,Lockers Sofia (1),Bulgaria July 2025 (1),Lockers Sofia
obsidian md oakville,1,OBSIDIAN.MD OAKVILLE CA,Obsidian (1),University (1),Obsidian
oomai,1,OOMAI,Oomai sushi tel aviv (1),Going out and restaurants (1),Oomai sushi tel aviv
open spot,5,אופן ספוט ווגאס,Offen Spot (5),🛍️Groceries (5),Offen Spot
opher donchin,19,OPHER DONCHIN,Transfer : US Money (19),Ready to Assign (17); Future planned expenses (2),Transfer : US Money
ortokal httpsortokal,2,ORTOKAL HTTPSORTOKAL. US,Ortokal (2),Pilates (2),Ortokal
paybox,30,PAYBOX TEL AVIV IL,Sarah Therapist (7); Noga Homeopathy (3); Strategies teacher (2),Chugim parents (11); Chugim (5); Gifts (5),Sarah Therapist; Noga Homeopathy; Strategies teacher; Liron study help; Paybox; Mark driving instructor; Hadbara Rehovot; Yaara gift; Homeopathy; Boaz; Amir Diet; Park food; Elian; Pomegrante juice; Ishai gift; Paybox for someone; Shira Yahav; Mikael's teacher; Theatre
paypal alipaysinga,3,PAYPAL *ALIPAYSINGA 17280818884 SG,Ali Express (3),House and stuff (1); Pets (1); University (1),Ali Express
puzzle outlet,4,PUZZLE OUTLET,Soft cookies Jerualem (2); Puzzle outlet Jerusalem (2),Summer 2024 8000 (4),Soft cookies Jerualem; Puzzle outlet Jerusalem
reimbursement yixin wan,1,REIMBURSEMENT YIXIN WAN,Yixin Wan (1),University (1),Yixin Wan
rewe duesseldorf flugh duesseldorf,1,REWE DUESSELDORF FLUGH DUESSELDORF DE,Rewe Dusseldorf Airport (1),University (1),Rewe Dusseldorf Airport
rexail,3,קניות אונליין-גמאREXAIL,Rexail (3),🛍️Groceries (3),Rexail
roasters,29,ROASTERS,Roasters (28); Food machine (1),Going out and restaurants (13); Opher food (10); 🛍️Groceries (5),Roasters; Food machine
rossmann essen,1,ROSSMANN 1950 ESSEN DE,Rossman Essen (1),University (1),Rossman Essen
sebocelm,2,SEBOCELM,seboclem (1); Sabo calm (1),House and stuff (1); Pilates (1),seboclem; Sabo calm
sisira experiment sisira kunnath,4,SISIRA R5541272 EXPERIMENT SISIRA KUNNATH,Subject (4),University (4),Subject
so bing,2,SO BING,So Bing Tel Aviv (1); So Bing (1),Birthdays (1); Going out and restaurants (1),So Bing Tel Aviv; So Bing
spata,1,AB_AIRPORT_343 SPATA GR,AB Airport (1),Greece 2025 (1),AB Airport
studio garazh eood sofiya,1,STUDIO GARAZH EOOD GR SOFIYA BG,Studio Garazh (1),Bulgaria July 2025 (1),Studio Garazh
subject,20,תשלום YU ZENG,Subject (15); Merkaz Hahalbasha (2); Present (2),University (15); Clothing (2); Gifts (2),Subject; Merkaz Hahalbasha; Present; David Marten Lawyer
sumup em dzhi bansko,1,SUMUP *EM DZHI 2023 E BANSKO BG,Sumup Bansko (1),Bulgaria July 2025 (1),Sumup Bansko
sweet things ood sofia,2,SWEET THINGS BG OOD SOFIA BG,Sweet Things Sofia (2),Bulgaria July 2025 (2),Sweet Things Sofia
tasty bansko bansko,1,75 TASTY - BANSKO BANSKO BG,Tasty 75 Bansko (1),Bulgaria July 2025 (1),Tasty 75 Bansko
terminal,2,TERMINAL 3,Terminal 3 (2),🛍️Groceries (1); Loans and transfers (1),Terminal 3
the alley,1,THE ALLEY,The Alley Tea Tel aviv (1),Going out and restaurants (1),The Alley Tea Tel aviv
the integral dojo theintegr,1,THE INTEGRAL DOJO WWW.THEINTEGR US,Integral dojo (1),Aikido (1),Integral dojo
the rova coffee house,1,THE ROVA COFFEE HOUSE,Rova Coffee House Jerusalem (1),Summer 2024 8000 (1),Rova Coffee House Jerusalem
tickets np הופעות וכרטיסי,1,TICKETS NP הופעות וכרטיסי,Tickets NP (1),Going out and restaurants (1),Tickets NP
tres jolie,1,TRES JOLIE,Tres Jolie (1),Going out and restaurants (1),Tres Jolie
vimal chitra vimal krishasam,1,VIMAL CHITRA U5994886 VIMAL KRISHASAM,Subject (1),University (1),Subject
vitina arkadias,1,I VITINA ARKADIAS GR,Vitina Arkadius (1),Greece 2025 (1),Vitina Arkadius
vrr duesseldorf duesseldorf,1,VRR DUESSELDORF DUESSELDORF DE,VRR (1),University (1),VRR
wolt,2,WOLT,Wolt (2),Mikael (2),Wolt
yellow,88,אצטדיון באר שבעYELLOW ב-פז,Yellow (56); Paz (21); Gas Food (8),Gas (76); 🛍️Groceries (8); Summer 2025 (2),Yellow; Paz; Gas Food; Gas
yooletta,1,YOOLETTA,Yooletta (1),Gifts (1),Yooletta
אאוטלט גן שמואל,1,אאוטלט גן שמואל,Gan Shmuel (1),House and stuff (1),Gan Shmuel
אאוטלט סינמה פקטורי,1,אאוטלט סינמה סי54 ב-פקטורי,Factory 54 Outlet (1),Clothing (1),Factory 54 Outlet
אביבית,1,אביבית,Avivit Tel Aviv (1),Pocket money (1),Avivit Tel Aviv
אביהcarrefour,1,קניון אביהCARREFOUR,Carrefour (1),🛍️Groceries (1),Carrefour
אביזרים לסלולרisim,1,אביזרים לסלולרISIM,ISim (1),Unplanned extra expense (1),ISim
אגד מקומות שמורים,2,אגד- מקומות שמורים,Egged (2),University (2),Egged
אדריאן דדון,6,אדריאן דדון | הוראת קבע,Adrian Sports Trainer (6),Chugim parents (5); Chugim (1),Adrian Sports Trainer
אדריאן דדון מאמן כושר ובר,1,אדריאן דדון-מאמן כושר ובר,Adrian Sports Trainer (1),Chugim parents (1),Adrian Sports Trainer
אהרו סלתיק אלקטרומכניקה,2,אהרו ו) ב-סלתיק אלקטרומכניקה,Saltik Electromechanics (1); Seltick Electromechanics (1),House and stuff (2),Saltik Electromechanics; Seltick Electromechanics
או לה לה,20,או לה לה,Oh Lala (15); Oh la la (3); Ohlala (2),Opher food (11); Going out and restaurants (9),Oh Lala; Oh la la; Ohlala
או לה לה אונליין,1,או לה לה אונליין,Oh la la (1),Gifts (1),Oh la la
אודי גלילי,1,אודי גלילי,Udi Galili (1),House and stuff (1),Udi Galili
אונ,1,אונ' ת א-י,Tel Aviv University (1),Ready to Assign (1),Tel Aviv University
אונ בן גורי,26,אונ' בן גורי-י,BGU Salary (24); Salary Opher (2),Ready to Assign (26),BGU Salary; Salary Opher
אוניברסיטת,24,אוניברסיטת ב-י,BGU (24),University (24),BGU
אופני אדם וחוה,4,אופני אדם וחוה,Adam And Hava Bikes (4),House and stuff (4),Adam And Hava Bikes
אופנת רנואר,1,אופנת רנואר,Renuar (1),Clothing (1),Renuar
אור בר גל,3,אור בר גל,Or Bar Gal (3),Clothing (2); Pilates (1),Or Bar Gal
אור ישראל,1,אור ישראל,Or Israel (1),Loans and transfers (1),Or Israel
אור ראשון,1,אור ראשון,Or Rishon (1),House and stuff (1),Or Rishon
אור רובין,1,אור רובין,Isshin Aikido (1),Aikido (1),Isshin Aikido
אורבניקה,1,אורבניקה,Urbanica (1),Clothing (1),Urbanica
אורבניקה גרנד,4,אורבניקה גרנד קניון באר ש,Urbanica (3); Clothing store (1),Clothing (4),Urbanica; Clothing store
אורן צביאלי,5,אורן צביאלי,Isshin Aikido (5),Aikido (5),Isshin Aikido
אחוזות החוף מוזיאונים,1,אחוזות החוף מוזיאונים,Parking Tel Aviv Science Museum (1),Transportation (1),Parking Tel Aviv Science Museum
אחוזת חוף חניון החשמל,1,אחוזת חוף חניון החשמל,Parking Tel Aviv (1),Transportation (1),Parking Tel Aviv
אחים ובקבוזה טרמינל,4,אחים ובקבוזה טרמינל,Ahim Bokobza (3); Bokoboza Terminal (1),🛍️Groceries (2); Bat Mitzvah 17000 (1); Aikido (1),Ahim Bokobza; Bokoboza Terminal
איגוד ערים כנרת אמנון,4,איגוד ערים כנרת -אמנון,Parking Amnun beach (4),Summer 2024 8000 (4),Parking Amnun beach
איי דיגיטל סטור,1,איי דיגיטל סטור באר-שבע,Idigital (1),House and stuff (1),Idigital
אייבורי,2,אייבורי,Ivory (2),Birthdays (1); Pilates (1),Ivory
אייס,16,אייס באר שבע,Ace (15); Ace car (1),House and stuff (13); Auto Maintenance (3),Ace; Ace car
אייקון,8,"אייקון ב""ש - הו""ק | הוראת קבע",Icon (8),Chugim parents (8),Icon
אייקידו ותרבות יפן,4,הוראת אייקידו ותרבות יפן,Zeev Erlich (4),Aikido (4),Zeev Erlich
אילנס,9,אילנס רכבת באר שבע צפון,Train food (7); Ilans (1); Oren Meshi Bakery (1),Going out and restaurants (5); 🛍️Groceries (2); Opher food (2),Train food; Ilans; Oren Meshi Bakery
אימפריית הממתקים בא,3,אימפריית הממתקים בעמ- בא,Empire of sweets (2); Imperiyat Hamamtakim (1),🛍️Groceries (3),Empire of sweets; Imperiyat Hamamtakim
אינטימה,2,אינטימה ביג באר שבע,Intima (2),Clothing (2),Intima
אינספייר אינט,1,אינספייר אינט בעמ,Inspire (1),Pilates (1),Inspire
איקאה ikea,1,איקאה IKEA,Ikea (1),House and stuff (1),Ikea
איתי כהן מדריך קפוארה,2,איתי כהן מדריך קפוארה,Itai Cohen (2),Chugim (2),Itai Cohen
איתן נבון,1,איתן נבון,Paybox (1),Unexplained expenses (1),Paybox
אל הל,1,אל הל,El halev (1),Aikido (1),El halev
אלגו השקיה צמרת,1,אלגו השקיה בעמ-צמרת,Elgo watering (1),House and stuff (1),Elgo watering
אלה אוריאן,1,אלה אוריאן,Ella Tzur (1),Gifts (1),Ella Tzur
אלו מציאות מזרחי,2,אלו מציאות-מזרחי,Sabih Tshernichovsky Tel Aviv (1); Elo Deals Mizrahi (1),Going out and restaurants (1); House and stuff (1),Sabih Tshernichovsky Tel Aviv; Elo Deals Mizrahi
אלונית,18,אלונית - נען מער,Gas Food (14); Alonit (4),🛍️Groceries (13); Opher food (3); Going out and restaurants (1),Gas Food; Alonit
אלטשולר שחם,22,אלטשולר שחם-י,Altshuler Shaham (21); Excellence (1),Pilates (22),Altshuler Shaham; Excellence
אלי אורן,1,אלי אורן,Bake sale (1),Pocket money (1),Bake sale
אליזבט פונצינסקה,2,אליזבט פונצינסקה,Isshin Aikido (2),Aikido (2),Isshin Aikido
אליטל,9,אליטל ביג באר שבע,Alital (9),Clothing (9),Alital
אלכסיי אוציס,1,אלכסיי אוציס,Isshin Aikido (1),Aikido (1),Isshin Aikido
אלמשהדאוי קינג סטור,1,אלמשהדאוי קינג סטור בעמ,King Store (1),🛍️Groceries (1),King Store
אלעד דמרי,2,אלעד דמרי,Isshin Aikido (2),Aikido (2),Isshin Aikido
אם שד יהודית פי אם אי,1,אם שד' יהודית.פי.אם. ב-אי,Am Pm (1),🛍️Groceries (1),Am Pm
אם שרותי מזון בי אס,6,אם שרותי מזון בעמ.בי. ב-אס,SBS Food (2); Campus Food (2); Transmeet (1),Going out and restaurants (2); University (2); Opher food (2),SBS Food; Campus Food; Transmeet; Airport food
אמריקן איגל,9,אמריקן איגל,American Eagle (9),Clothing (9),American Eagle
אנאגו אונמי,1,אנאגו בעמ -אונמי,Onami Tel Aviv (1),Birthdays (1),Onami Tel Aviv
אניטה גלידה,2,אניטה גלידה בעמ,Anita Ice Cream (2),Going out and restaurants (2),Anita Ice Cream
אס,1,בעמ98 ב-אס,AS 98 Shoes (1),Clothing (1),AS 98 Shoes
אפן אפן הגבעה הצרפתית,1,ג'אפן ג'אפן הגבעה הצרפתית,Japan Japan Jerusalem (1),Going out and restaurants (1),Japan Japan Jerusalem
אצל גוטה קפה ומעדניה,1,אצל גוטה קפה ומעדניה,Etzel Guta Matan (1),Going out and restaurants (1),Etzel Guta Matan
אר סלולר אי1,1,אר סלולר בעמ. - אי1,Er Selular (1),House and stuff (1),Er Selular
אר קפה רחובות,1,אר קפה רחובות,ArCaffe Rehovot (1),Opher food (1),ArCaffe Rehovot
ארומה,56,ארומה אוניבסריסטת בן גורי,Aroma (49); Aroma Dizengoff Center (2); Campus Food (2),Opher food (34); Going out and restaurants (21); Unplanned extra expense (1),Aroma; Aroma Dizengoff Center; Campus Food; Stopper Locks; Aroma Ashdod; Tulitul Bakery
אריכא סביח אגריפס,1,83 ב-אריכא סביח אגריפס,Aricha Sabich Jerusalem (1),Opher food (1),Aricha Sabich Jerusalem
ב3 חנות נוחות מרקט,1,1 ב3 ב-חנות נוחות - מרקט,Market (1),🛍️Groceries (1),Market
באבא שווארמה,1,באבא שווארמה,Shwarma (1),Going out and restaurants (1),Shwarma
באג,3,באג ביג באר שבע,Bug (3),House and stuff (3),Bug
באלה חומוס,2,באלה חומוס,Baleh Humus Rakefet (2),🛍️Groceries (1); Opher food (1),Baleh Humus Rakefet
באר שבע ביג,14,באר שבע חדש ביג,Rami Levy (7); Rami Levi (7),🛍️Groceries (14),Rami Levy; Rami Levi
בארים ומשקאות באירועים,1,בארים ומשקאות באירועים,Hotzot Hayotser Food Jerusalem (1),Summer 2024 8000 (1),Hotzot Hayotser Food Jerusalem
באשר פרומז רי,3,באשר פרומז'רי באר שבע,Basher (3),🛍️Groceries (2); Birthdays (1),Basher
בהס דגניה,2,בהס דגניה,Dganya (2),School 2500 Dec (2),Dganya
בוטיק דגים,5,בוטיק דגים בעמ,Fish boutique (5),🛍️Groceries (4); Bat Mitzvah 17000 (1),Fish boutique
בועות שירותי כביסה,1,בועות שירותי כביסה,Soap suds laundry (1),House and stuff (1),Soap suds laundry
בועז נחייסי,6,בועז נחייסי,Boaz (6),Pilates (6),Boaz
בוקאיט תיירות ואטרקציות,3,בוקאיט תיירות ואטרקציות,Bookit attractions (2); Lehem Hemed (1),Going out and restaurants (2); 🛍️Groceries (1),Bookit attractions; Lehem Hemed
בורגוס קציר שדה,4,בורגוס קציר שדה,Bbb (4),Going out and restaurants (4),Bbb
בטוח לאומי,4,בטוח לאומי ח-י,Bituach Leumi (4),Ready to Assign (2); Pilates (2),Bituach Leumi
בי פרש בן יהודה,2,בי פרש בן יהודה,Turkish coffee Jerusalem (1); Be Fresh Midrahov Jerusalem (1),Summer 2024 8000 (2),Turkish coffee Jerusalem; Be Fresh Midrahov Jerusalem
ביאליק,8,26 ב-ביאליק,Bialek 26 (5); Bialik (2); Subject payment (1),Going out and restaurants (7); University (1),Bialek 26; Bialik; Subject payment
ביהס דגניה רשות,1,ביהס דגניה רשות,Dganya Rent (1),Aikido (1),Dganya Rent
ביו גאיה,1,ביו -גאיה בעמ,Bio Gaya (1),House and stuff (1),Bio Gaya
ביוטי,2,ביוטי סנטר בעמ,Beauty Center (2),Clothing (2),Beauty Center
ביוטיקייר,2,ביוטיקייר ביג באר שבע,Beautycare Big (2),Clothing (1); Danielle (1),Beautycare Big
בייתי דיזינגוף,1,בייתי דיזינגוף,BuyTea Dizengoff (1),Going out and restaurants (1),BuyTea Dizengoff
ביר פוינט,2,ביר פוינט,Beer Point (2),Going out and restaurants (2),Beer Point
בית הבאגט כהן,45,בית הבאגט כהן בעמ,Beit Habaget (45),🛍️Groceries (45),Beit Habaget
בית המלבי,1,בית המלבי,Beit Hamalabi Acco (1),Birthdays (1),Beit Hamalabi Acco
בית הפול,1,בית הפול - ביג,Beit Haful (1),Going out and restaurants (1),Beit Haful
בית הפול האוניברסיטה,1,בית הפול האוניברסיטה,Campus Food (1),Opher food (1),Campus Food
בית הפנקייק,2,בית הפנקייק,Pancake house (1); Beit Hapankeik Em Hadereh (1),Birthdays (1); Going out and restaurants (1),Pancake house; Beit Hapankeik Em Hadereh
בית חולים וטרינרי,6,בית חולים וטרינרי בעמ,Bialik vet (6),Pets (6),Bialik vet
בית יציב,5,בית יציב - מעוף,Maof (3); beit yatziv (2),Chugim (4); School 2500 Dec (1),Maof; beit yatziv
בית מאפה נורית,1,בית מאפה נורית,Bei Mafe (1),🛍️Groceries (1),Bei Mafe
בית מרקחת מגאר טורעאן,1,בית מרקחת מגאר-טורעאן,Pharmacy Magar (1),Medical (1),Pharmacy Magar
בית מרקחת מכבי,2,בית מרקחת מכבי באר שבע,Maccabi Pharm (2),Medical (2),Maccabi Pharm
בית קמה,3,בית קמה,Beit Kama (2); Gas (1),Gas (3),Beit Kama; Gas
בליקר בייקרי,3,בליקר בייקרי נתבג,Bleeker (2); Bleeker Bakery Airport (1),🛍️Groceries (1); University (1); Bulgaria July 2025 (1),Bleeker; Bleeker Bakery Airport
במכשיר הפועלים מזומן נמשך מכרטיס המסתיים,1,411 במכשיר הפועלים סניף0849-משיכת מזומן נמשך מכרטיס המסתיים ב,Transfer : Cash (1),,Transfer : Cash
בן דוד ענת שיננית,6,בן דוד ענת שיננית,David Anat Hygienist (5); Hygienist (1),Medical (6),David Anat Hygienist; Hygienist
בן זינו אינסטלציה ושי,1,ב בן זינו אינסטלציה ושי. ב-ש,Ben Zino Plumbing (1),Unplanned extra expense (1),Ben Zino Plumbing
בנדיקט,1,בנדיקט באר שבע,Benedict Beer Sheva (1),Going out and restaurants (1),Benedict Beer Sheva
בנה הזמנת מט,2,"בנה""פ - הזמנת מט""ח",Airport Change (2),Bulgaria July 2025 (2),Airport Change
בנק הדואר,2,בנק הדואר-י,Isshin Aikido (2),Aikido (2),Isshin Aikido
בנק הפועלים,21,בנק הפועלים,Isshin Aikido (18); Poalim (2); Kosher Kravi (1),Aikido (18); University (2); Chugim (1),Isshin Aikido; Poalim; Kosher Kravi
בנק מזרחי,1,בנק מזרחי,Isshin Aikido (1),Aikido (1),Isshin Aikido
בעיר הבלוק7,2,בעיר הבלוק7,Minimarket 7 BaIr (2),🛍️Groceries (2),Minimarket 7 BaIr
בעיר תקוע7,4,בעיר - סניף תקוע7,Minimarket 7 BaIr (4),🛍️Groceries (4),Minimarket 7 BaIr
בעיר7,1,בעיר7,Kvutzat Hahim (1),🛍️Groceries (1),Kvutzat Hahim
בעיר7 רשת,19,בעיר7 ב-רשת,Minimarket 7 BaIr (14); Kvutzat Hahim (4); Rami Levi (1),🛍️Groceries (18); Aikido (1),Minimarket 7 BaIr; Kvutzat Hahim; Rami Levi
בעמ1 אדיר בעיר,1,בעמ1 ב-אדיר בעיר,Adir (1),🛍️Groceries (1),Adir
בעמ7 באולינג,1,בעמ7 ב-באולינג,Bowling (1),Birthdays (1),Bowling
בריאותא,2,בריאותא,Briuta (2),Medical (2),Briuta
ברפוט התנועה הטבעית,3,ברפוט התנועה הטבעית,Barefoot Natural Motion Tel Aviv (2); Barefoot lady comfort (1),Clothing (3),Barefoot Natural Motion Tel Aviv; Barefoot lady comfort
ברשקה,2,ברשקה ביג באר שבע,Bershka (1); Bareshka (1),Clothing (2),Bershka; Bareshka
בשירי מרדכי ובניו,1,בשירי מרדכי ובניו בעמ,Bashiri (1),House and stuff (1),Bashiri
בתי קולנוע,4,בתי קולנוע תאטראות בעמ,Yes Planet (1); Movies (1); Lev Movies (1),Going out and restaurants (4),Yes Planet; Movies; Lev Movies; Movie Food
גברת רביע,1,גברת רביע בעמ,Gveret Ravia (1),Going out and restaurants (1),Gveret Ravia
גוד פארם סינמה סיטי,1,גוד פארם סינמה סיטי בש,Goodpharm (1),🛍️Groceries (1),Goodpharm
גולדה,41,מ גולדה בעמ. ב-י,Golda (27); Golda Ice cream (13); Golda Tel Aviv (1),Going out and restaurants (37); 🛍️Groceries (3); Bat Mitzvah 17000 (1),Golda; Golda Ice cream; Golda Tel Aviv
גולן טלקום,3,גולן טלקום | הוראת קבע,Golan telecom (3),Internet (3),Golan telecom
גומבה,9,גומבה ביג,Goomba (7); Tulitul Bakery (1); Food machine (1),Going out and restaurants (8); 🛍️Groceries (1),Goomba; Tulitul Bakery; Food machine
גומעה,1,גומעה,Gomaa Sde Boker (1),Summer 2024 8000 (1),Gomaa Sde Boker
גוניור פיצה,1,גוניור פיצה,Junior Pizza Jerusalem (1),Going out and restaurants (1),Junior Pizza Jerusalem
גוסטה פיצה,1,גוסטה פיצה,Gusta Pizza (1),Mikael (1),Gusta Pizza
גוסי שיווק והפצה,5,גוסי שיווק והפצה בעמ,Juicy (5),🛍️Groceries (5),Juicy
גיד יס שיווק,2,גיד'יס שיווק בעמ,Gidgis (2),Clothing (1); Pilates (1),Gidgis
גידולי רוני,1,גידולי רוני,Gidolei Roni Thai Food (1),Birthdays (1),Gidolei Roni Thai Food
גיזה,3,גיזה,Giza Bar (3),Going out and restaurants (3),Giza Bar
גלי סופרסטור,2,גלי סופרסטור באר שבע,Gali (2),Clothing (2),Gali
גלידת נווה צדק,1,גלידת נווה צדק בעמ,Neve Tzedek Ice Cream Tel Aviv (1),Going out and restaurants (1),Neve Tzedek Ice Cream Tel Aviv
גלית פלג אורתודונטיה,3,גלית פלג אורתודונטיה בעמ,Galit Ortodent (3),Medical (1); Mikael teenager 20000 (1); Danielle Braces (1),Galit Ortodent
גלריה סול,1,גלריה סול,Galeria Sol (1),Pilates (1),Galeria Sol
גן החיות התנכי בירושלים,1,גן החיות התנכי בירושלים,Aquarium Jerusalem (1),Summer 2024 8000 (1),Aquarium Jerusalem
גרואו פיימנט,7,גרואו פיימנט-י,Grow (3); Grow Isshin Aikido (2); Isshin Aikido (1),Aikido (5); Pilates (2),Grow; Grow Isshin Aikido; Isshin Aikido; Grow Pilates
דבורה מילכיקר,1,דבורה מילכיקר,Isshin Aikido (1),Aikido (1),Isshin Aikido
דביר מצנחי רחיפה,2,דביר מצנחי רחיפה,Dvir Parachutes (2),Birthdays (2),Dvir Parachutes
דו יוגה,8,דו יוגה,Du Yoga (8),Chugim (8),Du Yoga
דובשנית,1,דובשנית,Duvshonit Jerusalem (1),Summer 2024 8000 (1),Duvshonit Jerusalem
דוד לוי חלקי חילוף,2,דוד לוי חלקי חילוף,David Levi Auto Parts (2),Auto Maintenance (2),David Levi Auto Parts
דוכן אוכל,1,ל בעמ. ב-דוכן אוכל נ,Hotzot Hayotser Food Jerusalem (1),Summer 2024 8000 (1),Hotzot Hayotser Food Jerusalem
דוכן גן שמואל,1,דוכן גן שמואל,Gan Shmuel (1),Going out and restaurants (1),Gan Shmuel
דור אלון,18,דור אלון נען מער,Dor Alon (15); Gas (2); Dor Alon Dvira (1),Gas (18),Dor Alon; Gas; Dor Alon Dvira
דור עמוס ורנו,1,דור עמוס ז'ורנו,Isshin Aikido (1),Aikido (1),Isshin Aikido
דיל הר בוקר,45,דיל הר בוקר,Supersal (42); Supersal Deal (3),🛍️Groceries (45),Supersal; Supersal Deal
דיפונט דיזינגוף,1,דיפונט דיזינגוף,Deponet Dizengoff Center (1),Pocket money (1),Deponet Dizengoff Center
דלק,15,דלק קמעונאות מפגש הספורט,Delek (10); Gas Food (3); Yellow (1),Gas (12); 🛍️Groceries (3),Delek; Gas Food; Yellow; Gas
דלתא,9,דלתא,Delta (9),Clothing (7); Birthdays (1); House and stuff (1),Delta
דמירל חומרי בנין,5,דמירל חומרי בנין בעמ,Demirol (5),House and stuff (5),Demirol
דן דיל,8,דן דיל באר שבע,Dan Dil (5); Dan Deal (2); Supersal (1),House and stuff (6); 🛍️Groceries (1); Birthdays (1),Dan Dil; Dan Deal; Supersal
דנה חופשי,1,דנה חופשי,Isshin Aikido (1),Aikido (1),Isshin Aikido
דנט פנורל,1,בעמ(באר שבע דנט) ב-פנורל,Panoral (1),Medical (1),Panoral
דר לורה מעוז,6,דר לורה מעוז,Laura Maoz Dentist (6),Medical (6),Laura Maoz Dentist
דרכי נעם,3,דרכי נעם,Way of Noam (2); Noam Geva (1),Pilates (3),Way of Noam; Noam Geva
האחים,1,האחים,HaAhim Tel Aviv (1),Going out and restaurants (1),HaAhim Tel Aviv
האיגוד הישראלי לשחמט,1,האיגוד הישראלי לשחמט,Chess (1),Chugim (1),Chess
האיש והעגלה,2,האיש והעגלה,HaIsh VeHaAgala Tzivon (2),Summer 2025 (2),HaIsh VeHaAgala Tzivon
האני,1,האני סנטר בעמ,Hani Center (1),House and stuff (1),Hani Center
הבוטקה בתחנה,4,הבוטקה בתחנה בעמ,Habutke First Train Jerusalem (4),Summer 2024 8000 (4),Habutke First Train Jerusalem
הגליל חרושת,1,הגליל חרושת,Hagalil Haroshet (1),Gas (1),Hagalil Haroshet
הדבשת,4,הדבשת,Hadaveshet (4),Going out and restaurants (2); Birthdays (2),Hadaveshet
הודו הקטנה,4,הודו הקטנה,Little India (4),Going out and restaurants (4),Little India
הודיס,6,הודיס בעמ,Hoodies (6),Clothing (6),Hoodies
הזמנה משלוח אוכל,1,הזמנה משלוח אוכל,Food order (1),Going out and restaurants (1),Food order
החומוס של טחינה,2,החומוס של טחינה באר שבע,Humus Shel HaTahina (2),Aikido (1); Opher food (1),Humus Shel HaTahina
החוף הירוק חוקוק חניון,6,החוף הירוק - חוקוק חניון,Huquq Beach (6),Vacation 2024 4000 (6),Huquq Beach
החזר הוצאה yixin wan,1,החזר הוצאה YIXIN WAN,Yixin Wan (1),University (1),Yixin Wan
החזר פריים,4,החזר פריים,Interest (2); Tax refund (2),Ready to Assign (2); Investment income and expenses (2),Interest; Tax refund
החלוץ,2,33 ב-החלוץ,Hahalutz 33 (2),Going out and restaurants (2),Hahalutz 33
החצ פוריה,2,החצ'פוריה,Hatsporya Jerusalem (1); Hahatzporia Jerusalem (1),Summer 2024 8000 (2),Hatsporya Jerusalem; Hahatzporia Jerusalem
הטורקי מצפה רמון,1,הטורקי מצפה רמון,The Turk Mitzpe Ramon (1),Going out and restaurants (1),The Turk Mitzpe Ramon
היי קוקי,2,היי קוקי,Hey cookie (2),🛍️Groceries (1); Going out and restaurants (1),Hey cookie
היפר טוי,3,היפר טוי בש,Hyper Toys (3),Gifts (2); Birthdays (1),Hyper Toys
הירוק,8,הירוק,Felafel Hayarok (8),Going out and restaurants (8),Felafel Hayarok
הירוק השלום,1,הירוק השלום,Felafel Hayarok (1),Going out and restaurants (1),Felafel Hayarok
הירקניה שלי,60,הירקניה שלי,Vegetable Sheli (57); The yarkanya (2); Beit Hapaham (1),🛍️Groceries (60),Vegetable Sheli; The yarkanya; Beit Hapaham
הכל לאופה ולמטבח,1,הכל לאופה ולמטבח,Hakol laofeh (1),Birthdays (1),Hakol laofeh
הכלב במושב מקסימוס,4,הכלב במושב-מקסימוס,Hakelev Bamoshav (4),Kelev Bamoshav 1500 August (3); Pets (1),Hakelev Bamoshav
הכנאפה הטורקית,4,הכנאפה הטורקית,Haknafe Haturki First train jerusalem (4),Summer 2024 8000 (4),Haknafe Haturki First train jerusalem
הלחם של תומר תלפיות,2,הלחם של תומר - תלפיות,Halehem Shel Tomer (2),Opher food (1); 🛍️Groceries (1),Halehem Shel Tomer
הליקרים של אבן רם,2,הליקרים של אבן רם בעמ,Tarantino Jerusalem (1); Lickers Jerusalem (1),Summer 2024 8000 (2),Tarantino Jerusalem; Lickers Jerusalem
המדור כושר קרבי,2,המדור כושר קרבי,Hamador fighting fitness (1); Kosher Kravi (1),Mikael teenager 20000 (1); Chugim (1),Hamador fighting fitness; Kosher Kravi
המוסד לביטוח לאומי,6,המוסד לביטוח לאומי - חשבו | הוראת קבע,Bituach Leumi (6),Pilates (5); Unplanned extra expense (1),Bituach Leumi
המזנון שרונה,4,המזנון שרונה,Hamiznon Sarona (4),Going out and restaurants (4),Hamiznon Sarona
המכולת שלי דרך הים,1,המכולת שלי דרך הים,Makolet (1),🛍️Groceries (1),Makolet
המכללה לחינוך גופני,1,המכללה לחינוך גופני,Wingate College (1),Pilates (1),Wingate College
המקסיקני אוניברסיטת בן גו,2,המקסיקני אוניברסיטת בן גו,Mexicani (1); Campus Food (1),Going out and restaurants (1); Opher food (1),Mexicani; Campus Food
המרכז לאומן פטו,1,המרכז לאומן-ג'פטו,Hamerkaz Loman (1),House and stuff (1),Hamerkaz Loman
המרכז לחינוך סייבר,1,המרכז לחינוך סייבר,Cyber Education Center (1),Chugim (1),Cyber Education Center
המתססה,2,המתססה בע''מ,Hamatsesah (2),House and stuff (1); Going out and restaurants (1),Hamatsesah
העיראקי,1,העיראקי,HaIraqi (1),Going out and restaurants (1),HaIraqi
העמדת הלואה,1,העמדת הלואה,Loan Pilates (1),Pilates (1),Loan Pilates
הפועלים הפיתה של יוסי,1,17 הפועלים( ב-הפיתה של יוסי,Hapita Shel Yossi (1),Going out and restaurants (1),Hapita Shel Yossi
הפינה של ישראל,1,הפינה של ישראל,Hapina Shel Israel (1),Opher food (1),Hapina Shel Israel
הפינה של ליבי,1,הפינה של ליבי,Libby (1),Going out and restaurants (1),Libby
הפניקס ביטוח,2,הפניקס ביטוח | הוראת קבע,Phoenix travel insurance (2),Bulgaria July 2025 (2),Phoenix travel insurance
הפניקס גמל,5,הפניקס גמל ל-י,Transfer : Planned Liya (3); Transfer : Unplanned Opher (2),,Transfer : Planned Liya; Transfer : Unplanned Opher
הפק מזומן,7,הפק' מזומן י.כ,Transfer : Cash (7),,Transfer : Cash
הפקדה,1,הפקדה,Mikael (1),Mikael (1),Mikael
הפקדות קופג,72,הפקדות קופג-י,Transfer : Unplanned Opher (24); Transfer : Planned Liya (24); Excellence (23),Pilates (23); University (1),Transfer : Unplanned Opher; Transfer : Planned Liya; Excellence; Subject
הפקדת שיק,3,הפקדת שיק,Hava (1); Maof teaching (1); Mekif A (1),Danielle (1); Aikido (1); Unplanned extra expense (1),Hava; Maof teaching; Mekif A
הצריף,1,הצריף,Hatzrif (1),Going out and restaurants (1),Hatzrif
הראל ביטוח,7,הראל-ביטוח בריאות | הוראת קבע,Harel health insurance (3); Harel insurance (2); Harel Aikido (1),Insurance! (4); Aikido (3),Harel health insurance; Harel insurance; Harel Aikido; Harel life insurance
הרצוג פוקס,1,הרצוג פוקס ו,Herzog Fox Neeman (1),Investment income and expenses (1),Herzog Fox Neeman
השקעות יפר מרקט,2,י השקעות ב.ד. ב-צ'יפר מרקט ד,minimarket Naor (1); Cheaper market (1),Aikido (1); 🛍️Groceries (1),minimarket Naor; Cheaper market
השתיל מושב תדהר,6,השתיל מושב תדהר,Hashtil moshav tidhar (6),House and stuff (6),Hashtil moshav tidhar
התבלינים של איילת אינטר,3,התבלינים של איילת - אינטר,Tavlinim Shel Ayelet (3),🛍️Groceries (3),Tavlinim Shel Ayelet
התנועה ליהדות מת,1,התנועה ליהדות מת,Merhav Horim (1),Pilates (1),Merhav Horim
ואדי עתיר,1,ואדי עתיר בעמ,Wadi Atir (1),🛍️Groceries (1),Wadi Atir
ואן סטופ מובייל,4,ואן סטופ מובייל,One stop mobile (4),House and stuff (4),One stop mobile
ווטרפיור,2,ווטרפיור,Waterpuur (2),Waterpuur 400 August (2),Waterpuur
וולקאם,1,וולקאם,Welcome Parquet (1),House 2024 4000 (1),Welcome Parquet
ווניליה ירושלים,1,ווניליה ירושלים,Vanilia Ice Cream Jerusalem (1),Summer 2024 8000 (1),Vanilia Ice Cream Jerusalem
ויטמין קפה,1,ויטמין קפה,Vitamin Cafe Jerusalem (1),Opher food (1),Vitamin Cafe Jerusalem
וייז ישראל,1,וייז ישראל,Bank transfer (1),Unexplained expenses (1),Bank transfer
ויליג מרקט,4,ויליג' מרקט,Village market (4),🛍️Groceries (4),Village market
וילנד קפה,2,וילנד קפה,Wyland Cafe (2),Going out and restaurants (2),Wyland Cafe
ויקטורי צמח,1,ויקטורי צמח,Victory Tzemach (1),Summer 2025 (1),Victory Tzemach
ויקטוריהס סיקרט ישראל,1,ויקטוריהס סיקרט ישראל,Victorias Secret (1),Birthdays (1),Victorias Secret
ול,1,ג'ול,Jule (1),Clothing (1),Jule
ולדמן,1,ז ולדמן. ב-ר,Waldman Jerusalem (1),Summer 2024 8000 (1),Waldman Jerusalem
וני קריספי מרכז הנגב,2,ג'וני קריספי מרכז הנגב ה,Jonny Crispy (2),Going out and restaurants (2),Jonny Crispy
ופצ יק קפה,4,צ'ופצ'יק קפה בעמ,Chupchik Coffee (4),Going out and restaurants (4),Chupchik Coffee
ורדינון,2,ורדינון,Vardinon (2),Birthdays (2),Vardinon
זאפה ניו קו מידטאון,1,זאפה ניו קו מידטאון,Zappa (1),Going out and restaurants (1),Zappa
זארה גרנד,1,זארה גרנד בש,Zahra (1),Clothing (1),Zahra
זו סטור,1,זו-סטור,Zoostore (1),Pets (1),Zoostore
זול פעמי,4,זול פעמי רמי לוי,Rami Levy (2); Zol Peami (2),🛍️Groceries (4),Rami Levy; Zol Peami
זיגו אירועים,1,זיגו אירועים,Zygo Events (1),Unexplained expenses (1),Zygo Events
זיו קמחי,2,זיו קמחי,Isshin Aikido (2),Aikido (2),Isshin Aikido
זיו שוורצמן,1,זיו שוורצמן,Schwartzman Dairy (1),Summer 2025 (1),Schwartzman Dairy
זכאי איילה,1,א זכאי איילה,Ayala tours (1),University (1),Ayala tours
חברת דואר ישראל הכנה למשל,1,חברת דואר ישראל-הכנה למשל,Postal Service (1),House and stuff (1),Postal Service
חברת החשמל לישראל,3,"חברת החשמל לישראל בע""מ | הוראת קבע",Electricity (2); Electric bill (1),⚡Electric (3),Electricity; Electric bill
חגית רוזן,1,חגית רוזן,Hagit Rozen (1),Unplanned extra expense (1),Hagit Rozen
חוגי סיירות,6,עמותת חוגי סיירות של הקקל,Chug Sayarut (6),Chugim (6),Chug Sayarut
חוה קאליר,7,חוה קאליר,Hava Kallir (6); Hava (1),Loans and transfers (6); Danielle (1),Hava Kallir; Hava
חוות האלפקות,3,חוות האלפקות,Alpaca Farm (3),Going out and restaurants (3),Alpaca Farm
חוות קורנמל,3,חוות קורנמל,Kornmel (3),Going out and restaurants (2); Summer 2024 8000 (1),Kornmel
חוות רימון,2,חוות רימון,Havat Rimon Food (1); Havat Rimon (1),Going out and restaurants (1); 🛍️Groceries (1),Havat Rimon Food; Havat Rimon
חומוס אליהו,9,חומוס אליהו,Humus Eliyahu (9),🛍️Groceries (9),Humus Eliyahu
חומוס פול פארק הסופרים,2,חומוס פול פארק הסופרים,Humus Park Hosfrim (2),Opher food (2),Humus Park Hosfrim
חוקוק נופש מסעדה,1,חוקוק נופש מסעדה,Huquq Beach (1),Vacation 2024 4000 (1),Huquq Beach
חממה בעיר,1,חממה בעיר באר שבע,Hamama (1),House and stuff (1),Hamama
חמסה,1,חמסה,Hamsa Jerusalem (1),Summer 2024 8000 (1),Hamsa Jerusalem
חן עמר,3,חן עמר,Isshin Aikido (3),Aikido (3),Isshin Aikido
חניון בצלאל,1,חניון בצלאל,Bezalel Parking Tel Aviv (1),Transportation (1),Bezalel Parking Tel Aviv
חניון על בסנטר,1,חניון על בסנטר בעמ,Parking Tel Aviv (1),Transportation (1),Parking Tel Aviv
חניוני חנייה כחולה,1,חניוני חנייה כחולה,Parking (1),Transportation (1),Parking
חניוני מאיה תא לבונטי,1,חניוני מאיה - תא לבונטי,Parking Tel Aviv (1),Transportation (1),Parking Tel Aviv
חשבונית ירוקה,1,חשבונית ירוקה,Heshbonit Yeruka (1),Aikido (1),Heshbonit Yeruka
טא יו,6,טא יו,Tayo (6),🛍️Groceries (6),Tayo
טא יו אשיאן פוד,18,טא יו אשיאן פוד,Tayo (18),🛍️Groceries (18),Tayo
טאטי קונדיטוריה,1,טאטי קונדיטוריה בעמ,Tati Condituria Essen (1),University (1),Tati Condituria Essen
טאיו סופרמרקט אסיאתי,9,ב) ב-טאיו - סופרמרקט אסיאתי,Tayo (9),🛍️Groceries (9),Tayo
טבלה מסעדה,1,טבלה מסעדה,Tavla Restaurant (1),Going out and restaurants (1),Tavla Restaurant
טבע בריא,7,טבע בריא,Teva Bari (7),🛍️Groceries (7),Teva Bari
טבע נאות,1,טבע נאות ביג בש,Teva Naot (1),Clothing (1),Teva Naot
טבע עברי ער,1,טבע עברי ער,Teva Ivri (1),🛍️Groceries (1),Teva Ivri
טוגו,2,טוגו,Togo (2),Clothing (2),Togo
טוטסי,3,מ בעמ. ב-טוטסי מ,Tootsi Yodfat (3),🛍️Groceries (2); House and stuff (1),Tootsi Yodfat
טוליטול בית מאפה וקפה,10,טוליטול בית מאפה וקפה,Tulitul Bakery (7); Goomba (1); Food machine (1),Going out and restaurants (8); 🛍️Groceries (1); Opher food (1),Tulitul Bakery; Goomba; Food machine; Aroma
טיב טעם,49,טיב טעם רשתות באר שבע חד,Tiv Taam (47); Tiv Taam Karmiel (2),🛍️Groceries (44); Bat Mitzvah 17000 (2); Summer 2025 (2),Tiv Taam; Tiv Taam Karmiel
טינטו,1,טינטו,Tinto (1),Going out and restaurants (1),Tinto
טיקטמאסטר ישראל,1,טיקטמאסטר ישראל כרטיסים,Ticketmaster (1),Going out and restaurants (1),Ticketmaster
טיקצ אק,2,6565* ב-טיקצ'אק כרטיסים,SBS Food (1); Transmeet (1),Going out and restaurants (1); University (1),SBS Food; Transmeet
טל פרץ 1n מרקט3i,5,טל פרץ(( 1N מרקט3I,Mini market (2); Market (1); Tal Peretz Market Jerusalem (1),Summer 2024 8000 (2); 🛍️Groceries (2); Opher food (1),Mini market; Market; Tal Peretz Market Jerusalem; Makolet
טליסמה מוצרי צריכה,2,טליסמה מוצרי צריכה,Museum food (2),Going out and restaurants (2),Museum food
טן עמק שרה,1,טן עמק שרה,Ten (1),Gas (1),Ten
טנא ירושלמי,2,"טנא ירושלמי ע""ר",Tena Yerushalmi (2),School 2500 Dec (2),Tena Yerushalmi
טעמ לה,3,טעמ'לה,Taamle (3),Going out and restaurants (3),Taamle
טראק במושבה אלונה,1,טראק במושבה אלונה,Track Bamoshava Alona (1),Going out and restaurants (1),Track Bamoshava Alona
טרנטינו,4,טרנטינו,Tarantino Jerusalem (3); Lickers Jerusalem (1),Summer 2024 8000 (4),Tarantino Jerusalem; Lickers Jerusalem
יאיר השחר חניונים משרד רא,1,יאיר השחר חניונים משרד רא,Parking Tel Aviv (1),Transportation (1),Parking Tel Aviv
יבגני גולדקין,17,יבגני גולדקין,Isshin Aikido (17),Aikido (17),Isshin Aikido
יהונתן שמחון,2,יהונתן שמחון,Isshin Aikido (2),Aikido (2),Isshin Aikido
יובל שרון,1,יובל שרון,Bake sale (1),Pocket money (1),Bake sale
יוחננוף,1,יוחננוף באר שבע,Yuhnaninov (1),🛍️Groceries (1),Yuhnaninov
יומנגס,1,יומנגס באר שבע,Humongous (1),Going out and restaurants (1),Humongous
יונית פרידמן,3,יונית פרידמן,Mazal Shuker (1); Shean Shirakava (1); Yonit Friedman (1),Loans and transfers (2); Mikael (1),Mazal Shuker; Shean Shirakava; Yonit Friedman
יוסף כהן היזדי,1,יוסף כהן היזדי,Yosef Cohen Hizdi Jerusalem (1),Summer 2024 8000 (1),Yosef Cohen Hizdi Jerusalem
יזמות סער,1,יזמות.ת. ב-סער א,Saar Ashdod (1),House and stuff (1),Saar Ashdod
ימקא הבינלאומי,1,ימקא הבינלאומי י-ם,YMCA Jerusalem (1),Going out and restaurants (1),YMCA Jerusalem
ינאי מכשירי כתיבה,1,ינאי מכשירי כתיבה בעמ,Yanai (1),House and stuff (1),Yanai
יס פלאנט מזנון,2,יס פלאנט בש- מזנון,Yes Planet (2),Going out and restaurants (2),Yes Planet
יער הקקאו,2,יער הקקאו בעמ,Cacao forest (2),Birthdays (1); Summer 2024 8000 (1),Cacao forest
ירקות הגשר,1,ירקות הגשר,Yerakot Hagesher (1),Summer 2024 8000 (1),Yerakot Hagesher
כביש,5,כביש 6 | הוראת קבע,Kvish 6 (5),Transportation (5),Kvish 6
כולל סטור,8,כולל סטור בעמ,Super kolel (7); Market (1),🛍️Groceries (8),Super kolel; Market
כיוונים צהרונים מעונות,3,כיוונים- צהרונים/מעונות/ח | הוראת קבע,Kivunim (3),Chugim (3),Kivunim
כל בו אללוף,2,כל בו אללוף,Aluf Kulbo (1); Kol bo allof (1),🛍️Groceries (2),Aluf Kulbo; Kol bo allof
כל בו זול בנימין,1,כל בו זול בנימין,Kolbo Zol Binyamin (1),🛍️Groceries (1),Kolbo Zol Binyamin
כל בו כרמי יוסף טל שחר,1,כל בו כרמי יוסף ב/ ב-טל שחר,Grocery Tal Shahar (1),Opher food (1),Grocery Tal Shahar
כלבו יראון,2,כלבו יראון,Kol bo Yiron (2),Summer 2025 (2),Kol bo Yiron
כלל ביטוח,4,כלל ביטוח חובה,Klal car insurance (4),Hyundai insurance 15000 April (2); Mikael teenager 20000 (1); Mazda insurance 5800 Dec (1),Klal car insurance
כלל רכב דירה עסק,9,כלל רכב/דירה/עסק | הוראת קבע,Klal insurance (7); Klal car insurance (2),Insurance! (7); Mazda insurance 5800 Dec (2),Klal insurance; Klal car insurance
כללית,17,"שרותי בריאות כללית הו""ק | הוראת קבע",Clalit (14); Harel insurance (2); Clalit Mashlima (1),Medical (17),Clalit; Harel insurance; Clalit Mashlima
כנאפה איסטנבול,1,כנאפה איסטנבול,Knafe Istanbul (1),Going out and restaurants (1),Knafe Istanbul
כנאפה בר,1,כנאפה בר,Knafe Bar Jerusalem (1),Opher food (1),Knafe Bar Jerusalem
כנאפה הבילויים,1,כנאפה הבילויים,Knafe gedera (1),Going out and restaurants (1),Knafe gedera
כנען,1,כנען סנטר בעמ,Knan Center (1),House and stuff (1),Knan Center
כפיות,37,כפיות בעמ,Campus Food (36); Beauty Center (1),Opher food (35); 🛍️Groceries (1); Clothing (1),Campus Food; Beauty Center
כפיר רכבת קלה אינטרנט,1,כפיר רכבת קלה אינטרנט,Kfir Light Rail (1),Unexplained expenses (1),Kfir Light Rail
כרטיסי אשראי י,1,כרטיסי אשראי-י,Credit card (1),Unexplained expenses (1),Credit card
כרמים,1,בש) ב-כרמים,Cramim (1),Birthdays (1),Cramim
כרמית אזובל,1,כרמית אזובל,Isshin Aikido (1),Aikido (1),Isshin Aikido
כרמל סלמן,1,כרמל סלמן,Carmel Salmon (1),Birthdays (1),Carmel Salmon
לאומי ויזה,44,לאומי ויזה,Transfer : Opher X5898 (22); Transfer : Liya X7195 (22),,Transfer : Opher X5898; Transfer : Liya X7195
לאומי למשכנת,23,לאומי למשכנת-י,Transfer : Mortgage (23),🏘️Rent/Mortgage (23),Transfer : Mortgage
לאטו וואריגאטו,2,ג'לאטו וואריגאטו,Gelato Variegato (2),Going out and restaurants (2),Gelato Variegato
לב הנהלה,1,לב הנהלה,Lev Hanahala (1),Going out and restaurants (1),Lev Hanahala
לג נדה דיזינגוף,1,לג'נדה דיזינגוף,Legenda Dizengoff (1),Going out and restaurants (1),Legenda Dizengoff
לגנדה,2,לגנדה באר שבע,Lagenda (1); Legende (1),Danielle (1); Going out and restaurants (1),Lagenda; Legende
לה פרינה,2,לה פרינה,La Farina (2),Going out and restaurants (1); Bulgaria July 2025 (1),La Farina
להב,4,להב באר שבע,Machsenei Lahav (4),🛍️Groceries (4),Machsenei Lahav
לוינסון יזמותhdl,1,לוינסון יזמותHDL,Dafna Levinson (1),Clothing (1),Dafna Levinson
לוקר אמבין,1,בעמ(21) ב-לוקר אמבין,Locker Ambin (1),Locker Danielle 160 August (1),Locker Ambin
לוקר מוצרי נעילה,2,לוקר) ב-מוצרי נעילה,Lockerim (2),Locker Danielle 160 August (1); Locker Ishai 160 August (1),Lockerim
לחיות גארדן,1,קניון לחיות גארדן סנטר,Kanyoon Lahayot (1),Pets (1),Kanyoon Lahayot
לחייל ולטייל,2,לחייל ולטייל באר שבע,Lahayal velateyal (2),House and stuff (2),Lahayal velateyal
לחם בורקין,1,לחם בורקין בעמ,Borkin Bread (1),🛍️Groceries (1),Borkin Bread
לחם ושות,1,לחם ושות,Beit Halehem (1),🛍️Groceries (1),Beit Halehem
לחם חם,1,לחם חם,Warm Bread (1),Opher food (1),Warm Bread
לחם חמד,4,לחם חמד,Lehem Hemed (3); Bookit attractions (1),🛍️Groceries (3); Going out and restaurants (1),Lehem Hemed; Bookit attractions
לי אופיס,2,בעמ(א.ע) ב-לי אופיס,Lee Office (2),Chugim (1); House and stuff (1),Lee Office
לי ספר צמרת,9,לי ספר בעמ-צמרת,Leesefer (9),House and stuff (8); Dganya books 600 June (1),Leesefer
ליברה עסקות ביטוח,14,ליברה עסקות ביטוח,Libra Insurance (13); Library (1),Insurance! (13); Going out and restaurants (1),Libra Insurance; Library
ליברמן ניהול הפקה,1,אביב ליברמן - ניהול הפקה,Aviv liberman (1),Going out and restaurants (1),Aviv liberman
ליידי קומפורט יחפים,1,ליידי קומפורט/ ב-יחפים,Barefoot lady comfort (1),Clothing (1),Barefoot lady comfort
ללין,1,ללין - ביג באר שבע,Laline (1),Gifts (1),Laline
למטייל,7,למטייל באר שבע פלזה,Lametayel (7),House and stuff (3); Clothing (2); Bulgaria July 2025 (2),Lametayel
לנדוור,7,קפה לנדוור,Landwer (6); Landwer Rosh Pina (1),Going out and restaurants (4); Birthdays (2); Summer 2025 (1),Landwer; Landwer Rosh Pina
לפטיס גרנד,1,לפטיס בש גרנד,Lefties (1),Clothing (1),Lefties
מאפיות קמח גבעת,4,מאפיות תחנות קמח- גבעת ע,Tahanet Hakemach Givat Ada (3); Flour mill bakery (1),🛍️Groceries (4),Tahanet Hakemach Givat Ada; Flour mill bakery
מאפיית אלח לאל,4,מאפיית אלח'לאל,Al Halal Bakery Magar (4),Vacation 2024 4000 (2); Summer 2024 8000 (2),Al Halal Bakery Magar
מאפיית גילת קריית הממשלה,4,מאפיית גילת קריית הממשלה,Gilat Bakery (2); Maafiya (1); Coffee (1),Opher food (3); 🛍️Groceries (1),Gilat Bakery; Maafiya; Coffee
מאפיית הראשונים רמות,1,מאפיית הראשונים רמות,MAafiya harishonim (1),🛍️Groceries (1),MAafiya harishonim
מאפיית מריאן,1,מאפיית מריאן,Marayan Bakery (1),Going out and restaurants (1),Marayan Bakery
מאפית אורן משי,15,מאפית אורן משי באר שבע,Oren Meshi Bakery (13); Train food (2),🛍️Groceries (12); Going out and restaurants (2); Summer 2025 (1),Oren Meshi Bakery; Train food
מאפית לחמים חשמונאים,1,מאפית לחמים חשמונאים,Maafiyat Halehem Tel Aviv (1),Going out and restaurants (1),Maafiyat Halehem Tel Aviv
מאפיתת אורן משי,32,מאפיתת אורן משי באר שבע,Oren Meshi Bakery (32),🛍️Groceries (30); Bat Mitzvah 17000 (1); Opher food (1),Oren Meshi Bakery
מבו,1,ג'מבו באר שבע,Jumbo (1),House and stuff (1),Jumbo
מבחני תיאוריה אנקורי,1,מבחני תיאוריה אנקורי,Theory test (1),Mikael teenager 20000 (1),Theory test
מבנק מסד,1,ה מבנק מסד ס-י,Isshin Aikido (1),Aikido (1),Isshin Aikido
מגדל דוד מוזיאון לתולדות,1,מגדל דוד מוזיאון לתולדות,City of David Jerusalem (1),Summer 2024 8000 (1),City of David Jerusalem
מגה בעיר אביה,2,מגה בעיר קניון אביה בש,Carrefour (1); Mega (1),🛍️Groceries (2),Carrefour; Mega
מגה ספורט,1,מגה ספורט באר שבע,Mega Sport (1),Clothing (1),Mega Sport
מגה פט,17,מגה פט בעמ,Megapet (17),Pets (17),Megapet
מגנוליה,3,מגנוליה,Magnolia (3),Clothing (2); Birthdays (1),Magnolia
מובי סל גירון צמרת,1,מובי סל גירון-צמרת,Movi Cell (1),Danielle (1),Movi Cell
מוזס שופ,1,מוזס שופ באר שבע,Moses (1),Going out and restaurants (1),Moses
מון שרי סדש,2,מון שרי - סדש,Gas Food (2),Opher food (1); 🛍️Groceries (1),Gas Food
מוניקה קובץ סטודיו מצוירי,1,מוניקה קובץ סטודיו מצוירי,Monica Studio Ceramics (1),House and stuff (1),Monica Studio Ceramics
מוסכי שרות יונדאי,1,מוסכי שרות יונדאי,Hyundai Beer Sheva Ben Ami (1),Auto Maintenance (1),Hyundai Beer Sheva Ben Ami
מועדון לינקולן,1,מועדון לינקולן,Linocln Billiards (1),Going out and restaurants (1),Linocln Billiards
מוצי דיזינגוף,1,מוצי' דיזינגוף,Mochi Dizengoff (1),Going out and restaurants (1),Mochi Dizengoff
מוצרי נעילה לוקר,1,מוצרי נעילה (לוקר),Shoeing Equipment (1),Clothing (1),Shoeing Equipment
מוקה,1,ג'מוקה בעמ,Jamoca (1),House and stuff (1),Jamoca
מורן גיל קייקרי,1,מורן גיל קייקרי,Moran Gil Cakery (1),Going out and restaurants (1),Moran Gil Cakery
מושב יודפת אחזקות,3,מושב יודפת אחזקות בעמ,Bulbs yodfat (2); Yodfat (1),House and stuff (2); Gifts (1),Bulbs yodfat; Yodfat
מזל שוקר,3,מזל שוקר,Mazal Shuker (1); Shean Shirakava (1); Yonit Friedman (1),Loans and transfers (2); Mikael (1),Mazal Shuker; Shean Shirakava; Yonit Friedman
מזנון בריכה,1,מזנון בריכה,Pool Food (1),Yaara (1),Pool Food
מזנון לונה פארק,1,מזנון לונה פארק,Luna Park (1),Going out and restaurants (1),Luna Park
מזנון מהיר יגנה,1,מזנון מהיר יגנה,Fast food yinge (1),Summer 2024 8000 (1),Fast food yinge
מזנון נני,1,מזנון נני,Nani's coffee (1),Going out and restaurants (1),Nani's coffee
מזנוני מידבריום,1,מזנוני מידבריום,Midbarium (1),Going out and restaurants (1),Midbarium
מחסני השוק,47,מחסני השוק האורגים ח,Machsenei Hashuk (35); Mahhsaney Hashuk (12),🛍️Groceries (45); Bat Mitzvah 17000 (1); Loans and transfers (1),Machsenei Hashuk; Mahhsaney Hashuk
מטה המשפחות להחזרת החטופ,1,מטה המשפחות להחזרת החטופ,Protests (1),Gifts (1),Protests
מי,7,מי שבע בעמ,Mei Sheva (7),Water (7),Mei Sheva
מיה קאליר מירב,2,מיה קאליר מירב,Hamatsesah (1); Maya Meirav (1),Gifts (1); Summer 2024 8000 (1),Hamatsesah; Maya Meirav
מיין נודלס,1,מיין נודלס בעמ,Mayan Noodles Jerusalem (1),Summer 2024 8000 (1),Mayan Noodles Jerusalem
מיני מרקט השלום,1,מיני מרקט השלום,Mini market (1),🛍️Groceries (1),Mini market
מיני שני בזל,9,מיני שני - בזל בעמ,Mini Shani (9),🛍️Groceries (9),Mini Shani
מינימרקט נאור,3,מינימרקט נאור,minimarket Naor (3),🛍️Groceries (3),minimarket Naor
מינימרקט עזרא שירן,3,מינימרקט עזרא שירן,Minimarket Ezra Shiran (3),🛍️Groceries (2); Birthdays (1),Minimarket Ezra Shiran
מינימרקט שרה,1,מינימרקט שרה,Robert Carwash (1),Auto Maintenance (1),Robert Carwash
מינמרקט נאור,5,מינמרקט נאור,minimarket Naor (4); Campus Food (1),🛍️Groceries (3); Opher food (1); Aikido (1),minimarket Naor; Campus Food
מירית הפומן רייף,1,מירית הפומן רייף,Mitir Hoffman Lawyer (1),Investment income and expenses (1),Mitir Hoffman Lawyer
מירית סימונס אופטיקה קרני,1,מירית סימונס אופטיקה קרני,Optica Karni (1),Contacts Liya 4300 Apr (1),Optica Karni
מכבי טבעי,3,מכבי טבעי באר שבע,Maccabi teva (3),Medical (3),Maccabi teva
מכבידנט גרנד קניו,2,מכבידנט באר שבע גרנד קניו,Maccabident (2),Medical (2),Maccabident
מכולת שפע ברלין,1,מכולת שפע ברלין,Makolet Jerusalem (1),🛍️Groceries (1),Makolet Jerusalem
מכון אדר,1,מכון אדר בעמ,Machon Adar (1),Medical (1),Machon Adar
מכון נועם,1,מכון נועם,Mahon Noam (1),Chugim (1),Mahon Noam
מכונות אוטומטיות,14,א מכונות אוטומטיות. ב-מ,Train food (5); Food machine (5); Tulitul Bakery (1),🛍️Groceries (9); Opher food (2); Going out and restaurants (2),Train food; Food machine; Tulitul Bakery; Goomba; Roasters; Rav pas
מכלת אלחלאן,1,מכלת אלחלאן,Grocery Alhalah Sachnin (1),Aikido (1),Grocery Alhalah Sachnin
מלך הממתקים,9,מלך הממתקים ביג,Melech Hamamtakim (9),🛍️Groceries (9),Melech Hamamtakim
מלכת שבא,1,מלכת שבא,Queen Sheba bar (1),Going out and restaurants (1),Queen Sheba bar
ממתקי אל חטי,1,ממתקי אל חטי,Al Hatib Sweets Rajar (1),Summer 2025 (1),Al Hatib Sweets Rajar
ממתקי אלי זול,1,ממתקי אלי זול בעמ,Elizol (1),🛍️Groceries (1),Elizol
ממתקי יאסר מדאח מעליא,1,ממתקי יאסר מדאח מעליא,Yassar Madah Sweets (1),Going out and restaurants (1),Yassar Madah Sweets
מנטה,7,דלק מנטה קמעונאות דרכים,Delek (4); Gas Food (2); Delek Mitzpeh Ramon (1),Gas (4); 🛍️Groceries (1); Going out and restaurants (1),Delek; Gas Food; Delek Mitzpeh Ramon
מס ההכנסה,1,מס ההכנסה-הו-י,Tax refund (1),Aikido (1),Tax refund
מס הכנסה,15,מס הכנסה עצמ-י,Income tax (10); Bank leumi (2); Taxes (2),Unplanned extra expense (5); Pilates (5); Bank Interest & Fees (2),Income tax; Bank leumi; Taxes; Tax refund
מסיבבה,1,מסיבבה,Mesibaba (1),Bat Mitzvah 17000 (1),Mesibaba
מסלול מורחב,25,מסלול מורחב,Bank leumi (23); Airport Parking (1); Rav pas (1),Bank Interest & Fees (23); Transportation (2),Bank leumi; Airport Parking; Rav pas
מסעדת אבו כריסטו,1,מסעדת אבו כריסטו,Abu Cristo Acco (1),Birthdays (1),Abu Cristo Acco
מסעדת בלו ליין,1,מסעדת בלו ליין,Blue Line Restaurant Rajar (1),Summer 2025 (1),Blue Line Restaurant Rajar
מעדניית לוי,1,מעדניית לוי,Levi bakery Jerusalem (1),Summer 2024 8000 (1),Levi bakery Jerusalem
מפייבוקס שלי,5,מפייבוקס שלי-י,Paybox (2); Maya (1); Abigail (1),Danielle (2); Summer 2024 8000 (1); Unexplained expenses (1),Paybox; Maya; Abigail; Dog walking
מפעלי אלן,4,בעמ97 ב-מפעלי אלן,Allen car test (4),Mazda registration 1500 Dec (3); Hyundai registration 1500 May (1),Allen car test
מקדולנדס אבי,1,מקדולנדס נמל תל אבי,McDonald's (1),Going out and restaurants (1),McDonald's
מקדונלדס עין יה,1,מקדונלדס עין יה,McDonald's (1),Going out and restaurants (1),McDonald's
מקס איט פיננ,3,מקס איט פיננ-י,Transfer : Opher x9922 (3),,Transfer : Opher x9922
מקס אמות,7,מקס אמות באר שבע,Max Amot (6); Max Stoke (1),House and stuff (6); Birthdays (1),Max Amot; Max Stoke
מקס כרמיאל,1,מקס כרמיאל בעמ,Max Carmiel (1),House and stuff (1),Max Carmiel
מקס שווארמה מרכז נטע,1,מקס שווארמה מרכז ביג נטע,Shwarma (1),Going out and restaurants (1),Shwarma
מקסים מירוזני,3,מקסים מירוזני,Parkour (2); Maxim Parkour (1),Chugim (2); Summer 2025 (1),Parkour; Maxim Parkour
מרום כלי נגינה דיסקים,1,מרום כלי נגינה דיסקים,Marom Musical Instruments (1),House and stuff (1),Marom Musical Instruments
מרחבים טל חניונים,4,מרחבים טל חניונים,Airport Parking (3); Bank leumi (1),Transportation (2); Bank Interest & Fees (1); Greece 2025 (1),Airport Parking; Bank leumi
מרכז ארצי לבחינות ולהערכה,1,מרכז ארצי לבחינות ולהערכה,National center for testing (1),Chugim (1),National center for testing
מרכז בשgolf אco,1,מרכז ביג בשGOLF אCO,Golf (1),Clothing (1),Golf
מרכז הלבשה,12,מרכז הלבשה,Merkaz Hahalbasha (9); Subject (2); Present (1),Clothing (9); University (2); Gifts (1),Merkaz Hahalbasha; Subject; Present
מרכז הספורט והנופש,4,מרכז הספורט והנופש,Merkaz Hasport (2); Sports Center (2),Summer 2025 (3); Summer 2024 8000 (1),Merkaz Hasport; Sports Center
מרכז סוזן דלל,1,מרכז סוזן דלל,Suzan Dalal (1),Going out and restaurants (1),Suzan Dalal
מרכז עם נמשך באמצעות במכשיר לאומי,1,מרכז הנגב922 משיכה עם קוד י נמשך באמצעות קוד במכשיר לאומי סניף,Transfer : Cash (1),,Transfer : Cash
מרכז עסקים במכשיר לאומי נמשך מכרטיס המסתיים,1,מרכז עסקים נגב607 במכשיר לאומי סניף7195- משיכת מטח נמשך מכרטיס המסתיים ב,Euro (1),Greece 2025 (1),Euro
מרכז רכב יא,6,מרכז רכב יא,Musach Yaav (6),Auto Maintenance (6),Musach Yaav
מרכז רכב יאב,1,מרכז רכב יאב,Musach Yaav (1),Auto Maintenance (1),Musach Yaav
מרעי אלקרנאוי,1,מרעי אלקרנאוי,Isshin Aikido (1),Aikido (1),Isshin Aikido
מש קר,1,מש - קר בעמ,Train food (1),🛍️Groceries (1),Train food
משלוחה הזמנת אוכל אונליין,1,משלוחה הזמנת אוכל אונליין,Burger Saloon (1),Summer 2024 8000 (1),Burger Saloon
משק פיין גבעת עדה,7,משק פיין גבעת עדה,Meshek Fine Givat Ada (7),🛍️Groceries (7),Meshek Fine Givat Ada
משקאות,1,משקאות בעמ.נ. ב-ח,Mishkaot (1),Mikael (1),Mishkaot
משרד האוצר אגף המכס ומעמ,2,משרד האוצר אגף המכס ומעמ,Import tax (1); Taxes (1),Clothing (1); House and stuff (1),Import tax; Taxes
משרד התחבורה,2,משרד התחבורה אגרה למבחן נ,Misrad Hatahbura (2),Mikael teenager 20000 (1); Mazda registration 1500 Dec (1),Misrad Hatahbura
משרד תחבורה רשיון נהיגה,1,משרד תחבורה רשיון נהיגה,Misrad Hatahbura (1),Mikael teenager 20000 (1),Misrad Hatahbura
משתלת כדורי,4,משתלת כדורי,Kaduri farms (4),House and stuff (4),Kaduri farms
משתלת מרמלשטיין,1,משתלת מרמלשטיין בעמ,Milstein Mishtala (1),House and stuff (1),Milstein Mishtala
נאדי בתי קפה,2,נאדי בתי קפה,Nadi Coffehouse Jeursalem (2),Going out and restaurants (2),Nadi Coffehouse Jeursalem
נאייקס ישראל מכונות אוטומ,1,נאייקס ישראל מכונות אוטומ,Food machine (1),🛍️Groceries (1),Food machine
נדב סניפליסקי,1,נדב סניפליסקי,Danielle (1),Danielle (1),Danielle
נוטלה שוקולד אקספריינס בא,1,נוטלה שוקולד אקספריינס בא,Nutella (1),Going out and restaurants (1),Nutella
נולה דיזינגוף,2,נולה דיזינגוף בעמ,Nula Dizengoff (1); Tiv Taam (1),Going out and restaurants (1); 🛍️Groceries (1),Nula Dizengoff; Tiv Taam
ניבי פארם,1,ניבי פארם,Nivi Pharm (1),Medical (1),Nivi Pharm
ניגא מוצרי איכות,2,ניגא מוצרי איכות בעמ,Nyga Service (2),Unplanned extra expense (2),Nyga Service
ניצת הדובדבן,25,ניצת הדובדבן ביג באר שבע,Nitzat Haduvdevan (24); Nizat Haduvdevan (1),🛍️Groceries (24); Bat Mitzvah 17000 (1),Nitzat Haduvdevan; Nizat Haduvdevan
נעלי נמרוד מתחם,1,G ב-נעלי נמרוד מתחם,Nimrod (1),Clothing (1),Nimrod
נעמן,2,נעמן,Naaman (2),House and stuff (2),Naaman
סאלח דבאח ובניו,60,סאלח דבאח ובניו בעמ,Dabbah (47); Dabah (13),🛍️Groceries (58); Gifts (1); Mikael (1),Dabbah; Dabah
סאקוני,2,סאקוני-באר שבע,Saucony (2),House and stuff (1); Clothing (1),Saucony
סבטלנה סושקביץ,1,סבטלנה סושקביץ,Svetlana Sushkovitz (1),Pilates (1),Svetlana Sushkovitz
סביח טשרניחובסקי,2,סביח טשרניחובסקי,Sabih Tshernichovsky Tel Aviv (1); Elo Deals Mizrahi (1),Going out and restaurants (1); House and stuff (1),Sabih Tshernichovsky Tel Aviv; Elo Deals Mizrahi
סברס בניין,3,30 ב-סברס באר שבע בניין,Campus Food (3),Opher food (3),Campus Food
סולת קוסקוס בעתיקה,1,סולת קוסקוס בעתיקה בעמ,Solet (1),Going out and restaurants (1),Solet
סולתם רדד,4,בעמ(כלי בית) ב-סולתם רדד,Soltam (4),House and stuff (4),Soltam
סונול,3,סונול עירון,Sonol (3),Gas (3),Sonol
סופטיט,3,סופטיט בעמ,Softit Cell phones (3),Unplanned extra expense (2); Phone Opher (1),Softit Cell phones
סופיה פוגל,4,סופיה פוגל,Isshin Aikido (4),Aikido (4),Isshin Aikido
סופר גשר הזיו,1,סופר גשר הזיו,Super Haziv (1),🛍️Groceries (1),Super Haziv
סופר לאון,1,סופר לאון,Super leon (1),🛍️Groceries (1),Super leon
סופר מזרע,1,סופר מזרע,Super mezra (1),🛍️Groceries (1),Super mezra
סופר ממילא,2,סופר ממילא,Super Mamila Jerusalem (2),Summer 2024 8000 (2),Super Mamila Jerusalem
סופר מרקט מרכז מזון,1,סופר מרקט מרכז מזון,Market Magar (1),Vacation 2024 4000 (1),Market Magar
סופר פיצה,1,סופר פיצה,Super pizza Tel Aviv (1),Going out and restaurants (1),Super pizza Tel Aviv
סופר פלוס,1,סופר פלוס,Super plus (1),🛍️Groceries (1),Super plus
סופר קופיקס,3,סופר קופיקס,Super kofix (3),🛍️Groceries (3),Super kofix
סופר שרונה,1,סופר שרונה,Super Sarona Tel Aviv (1),Going out and restaurants (1),Super Sarona Tel Aviv
סופרפארם,80,סופר פארם משחררים,Superpharm (79); Superfarm (1),House and stuff (67); Medical (11); Opher food (1),Superpharm; Superfarm
סחוט,1,סחוט באר שבע,Sachut (1),Going out and restaurants (1),Sachut
סטודיו לבישול,4,סטודיו לבישול,Studio Lebishul (3); Cooking studio (1),House and stuff (2); Birthdays (1); Danielle (1),Studio Lebishul; Cooking studio
סטופר,2,סטופר,Aroma (1); Stopper Locks (1),Going out and restaurants (1); Unplanned extra expense (1),Aroma; Stopper Locks
סטוק,2,ביג סטוק באר שבע,Big Stok (2),House and stuff (1); Birthdays (1),Big Stok
סטימצקי בית,2,סטימצקי בית בש,Steimatzky (2),House and stuff (1); Gifts (1),Steimatzky
סי קפה,2,סי קפה נען מזרח,Si Cafe (2),🛍️Groceries (2),Si Cafe
סיטי מרקט נחל חבר,1,סיטי מרקט נחל חבר באר שבע,Market (1),🛍️Groceries (1),Market
סיטיגו צמרת,1,סיטיגו בעמ-צמרת,Citigo bikes (1),House and stuff (1),Citigo bikes
סילוק פיגור,2,סילוק פיגור,Transfer : Unplanned Opher (1); Loan Pilates (1),Pilates (1),Transfer : Unplanned Opher; Loan Pilates
סיפור של טעמים דוכן גבי,1,סיפור של טעמים - דוכן גבי,Sipur shel taamaim (1),🛍️Groceries (1),Sipur shel taamaim
סיפורו של שניצל,1,סיפורו של שניצל,Sipuro shel shnitzel (1),Opher food (1),Sipuro shel shnitzel
סיקה מטבח ישראלי ים תיכ,1,ג'סיקה מטבח ישראלי ים תיכ,Jessica Israeli Kitchen (1),Birthdays (1),Jessica Israeli Kitchen
סלאח דבאח ובניו מגדל,3,סלאח דבאח ובניו - מגדל ט,Dabah Magdala (2); Dabah (1),Vacation 2024 4000 (1); Summer 2024 8000 (1); Summer 2025 (1),Dabah Magdala; Dabah
ספידוג,9,ספידוג הנגרים,Speedog (9),Pets (9),Speedog
ספירולינה פול לייף,1,"ספירולינה פול לייף בע""מ",Spirulina Full Life (1),🛍️Groceries (1),Spirulina Full Life
ספסל גינת דובנו,1,ספסל גינת דובנו,Coffe shop Tel Aviv (1),Going out and restaurants (1),Coffe shop Tel Aviv
ספרינט מוטורוס,3,ספרינט מוטורוס בעמ - שע,Sprint Motors Gas (1); Gas (1); Gas Food (1),Gas (2); 🛍️Groceries (1),Sprint Motors Gas; Gas; Gas Food
סקארה החדש,2,סקארה ביג בש החדש,Sakura (1); Sakara (1),Going out and restaurants (1); Clothing (1),Sakura; Sakara
עברית חנות ספרים,2,עברית חנות ספרים,E-vrit (2),House and stuff (2),E-vrit
עדו קאליר,2,עדו קאליר,Hamatsesah (2),Gifts (2),Hamatsesah
עומר רביד,1,עומר רביד,Danielle (1),Danielle (1),Danielle
עופר דונחין,20,עופר דונחין,Transfer : Pilates Leumi (16); Transfer : Investments (4),Pilates (16); Investment income and expenses (4),Transfer : Pilates Leumi; Transfer : Investments
עזריאלי יפן,1,עזריאלי תא73 ב-יפן,Japan 73 Tel Aviv (1),Going out and restaurants (1),Japan 73 Tel Aviv
עידן,1,ביג באר שבע2000 ב-עידן,Idan Zoo (1),Gifts (1),Idan Zoo
עיצוב שיער ישראל,15,עיצוב שיער ישראל,Haircut (8); Hair styling israel (4); Israel et Lola (2),Clothing (15),Haircut; Hair styling israel; Israel et Lola; Hair Emil
עיריית,4,עיריית באר שבע,Beer Sheva City (2); Iriyat Beer Sheva (1); Mekf A (1),Unplanned extra expense (2); Insurance! (1); Mekif A 2000 July (1),Beer Sheva City; Iriyat Beer Sheva; Mekf A
עירית וטרינריה,1,עירית באר שבע - וטרינריה,Beer Sheva Vet (1),Pets (1),Beer Sheva Vet
על הנהר,2,על הנהר,Al Hanahar (2),Summer 2025 (2),Al Hanahar
עמותת ארץעיר,6,עמותת ארץעיר,Eretz Ir (6),Chugim (6),Eretz Ir
עמותת דרך הרגליים,1,עמותת דרך הרגליים,Amutat Derekh Haraglayim (1),Chugim (1),Amutat Derekh Haraglayim
עמותת מטפסי,1,עמותת מטפסי תל אביב,Climbing wall (1),Chugim (1),Climbing wall
עמותת מטפסי אבי,8,עמותת מטפסי תל אבי,Climbing wall food (4); Climbing wall (4),Chugim (3); 🛍️Groceries (2); Going out and restaurants (2),Climbing wall food; Climbing wall
עמר אלגו,5,עמר( ב-אלגו,Elgo watering (3); Algo Hashkaya (2),House and stuff (5),Elgo watering; Algo Hashkaya
ערוץ יש עמל,1,51 ערוץ יש.עמל,Bank leumi (1),Bank Interest & Fees (1),Bank leumi
ערן גבריאלי,1,ערן גבריאלי,Isshin Aikido (1),Aikido (1),Isshin Aikido
פאזלנד באינטרנט,1,פאזלנד באינטרנט,Puzzleland (1),House and stuff (1),Puzzleland
פאפא ונס,2,פאפא ג'ונס,Papa Johns (2),Going out and restaurants (2),Papa Johns
פהמיה חלבי מאכלים דרוזים,1,פהמיה חלבי מאכלים דרוזים,Pamia Durze Food Harish (1),Going out and restaurants (1),Pamia Durze Food Harish
פוט לוקר,2,ביג בש פוט לוקר,Foot locker (2),Clothing (2),Foot locker
פונדק עין כרם,1,פונדק עין כרם,Pundak Ein Karem Jerusalem (1),Summer 2024 8000 (1),Pundak Ein Karem Jerusalem
פוקס,12,פוקס ביג באר שבע,Fox (11); Fox Home (1),Clothing (11); Loans and transfers (1),Fox; Fox Home
פורדאדוג סטור,2,פורדאדוג סטור,Fordadog store (2),Pets (2),Fordadog store
פז,8,בע)ספקטור את פז( ב-הובי לי,Paz (3); Hobi Lee (2); Paz Mitzpe Ramon (2),House and stuff (2); Gas (2); Birthdays (1),Paz; Hobi Lee; Paz Mitzpe Ramon; Hobee Lee
פטרה,1,פטרה,Petra Ashdod (1),Going out and restaurants (1),Petra Ashdod
פטרול,2,תחנת פטרול,Petrol (2),Gas (2),Petrol
פינוקים בפיתה,1,פינוקים בפיתה,Pinukim BePita (1),Opher food (1),Pinukim BePita
פינקי,1,פינקי,Pinki (1),🛍️Groceries (1),Pinki
פינת אוכל,2,פינת אוכל,Pinat Ochel (1); Campus Food (1),Going out and restaurants (1); Opher food (1),Pinat Ochel; Campus Food
פינת האופה רמות,6,פינת האופה רמות,Pinat Haofe (6),Going out and restaurants (6),Pinat Haofe
פינת הקפה,3,פינת הקפה,Pinat Hakafe (3),🛍️Groceries (2); House and stuff (1),Pinat Hakafe
פיצה אלמה,13,פיצה אלמה,Pizza Alma (13),Going out and restaurants (13),Pizza Alma
פיצה גוטה,1,פיצה גוטה,Pizza Guta (1),Going out and restaurants (1),Pizza Guta
פיצה גולד,2,פיצה גולד,Pizza gold (2),Going out and restaurants (2),Pizza gold
פיצה עגבניה,2,פיצה עגבניה באר שבע,Pizza agvania (2),Birthdays (2),Pizza agvania
פיצה עגבנייה,1,פיצה עגבנייה ביג באר שבע,Pizza agvania (1),Going out and restaurants (1),Pizza agvania
פירות יבשים וקטניות,1,פירות יבשים וקטניות,Shuk (1),Opher food (1),Shuk
פיתה דרוזית,2,פיתה דרוזית,Pita druzit (2),🛍️Groceries (2),Pita druzit
פיתוח ים הגן הא,1,פיתוח מזרח ים בעמ-הגן הא,City walls Jerusalem (1),Summer 2024 8000 (1),City walls Jerusalem
פלאפל הכרם,1,פלאפל הכרם,Falafel Hakerem (1),Going out and restaurants (1),Falafel Hakerem
פלאפל מיטל,1,פלאפל מיטל,Felafel Meital (1),Going out and restaurants (1),Felafel Meital
פלה דה תה,4,פלה דה תה,Palais De Thes (4),🛍️Groceries (4),Palais De Thes
פליינג טייגר גרנד,2,פליינג טייגר גרנד באר שבע,Flying Tiger (2),House and stuff (1); Birthdays (1),Flying Tiger
פלמנגו,1,פלמנגו,Falmango Rosh Pina (1),Clothing (1),Falmango Rosh Pina
פנדורה,1,פנדורה,Pandora (1),Birthdays (1),Pandora
פנצריית הארז,1,פנצריית הארז,HaErez Tires Magar (1),Auto Maintenance (1),HaErez Tires Magar
פסטה בסטה,1,פסטה בסטה באר שבע,Pasta Basta (1),Going out and restaurants (1),Pasta Basta
פסים ריהוט גן,1,פסים ריהוט גן בעמ,Passim Garden furniture (1),Bat Mitzvah 17000 (1),Passim Garden furniture
פספורטכארד ישראל סוכנות,2,פספורטכארד ישראל סוכנות ל,Passport card insurance (2),Bat Mitzvah 17000 (1); Mikael (1),Passport card insurance
פעמית סטור,2,פעמית סטור באר שבע,Paamit Store (2),House and stuff (2),Paamit Store
פרחי אדווה,2,פרחי אדווה,Adva Flowers (2),Gifts (1); House and stuff (1),Adva Flowers
פרי הארץ,1,פרי הארץ,Pri Haaretz (1),🛍️Groceries (1),Pri Haaretz
פרי טיוי,4,פרי טיוי | הוראת קבע,Free TV (4),Software Subscriptions (4),Free TV
פרעון הלוואה,47,פרעון הלוואה,"Loan Pilates (24); Transfer : Loan Leumi 45,000 06_2022 (23)",Pilates (24); Investment income and expenses (23),"Loan Pilates; Transfer : Loan Leumi 45,000 06_2022"
פתרונות מזון ועוד,1,א פתרונות מזון ועוד.נ. ב- א,ANA Food Solutions (1),🛍️Groceries (1),ANA Food Solutions
צומת ספרים,13,צומת ספרים באר שבע,Tsomet Sfarim (7); Tzomet Sfarim (5); Tzomet Sfarim Jerusalem (1),House and stuff (11); Birthdays (1); Gifts (1),Tsomet Sfarim; Tzomet Sfarim; Tzomet Sfarim Jerusalem
ציילדרנס פלייס,3,ציילדרנס פלייס ביג באר ש,Children Place (3),Clothing (3),Children Place
צמיגי רפי,1,צמיגי רפי,Zmigim Rafi (1),Auto Maintenance (1),Zmigim Rafi
צמרת בית הפחם הנגב,8,צמרת-בית הפחם הנגב בעמ,Beit Hapaham (7); Vegetable Sheli (1),🛍️Groceries (7); House and stuff (1),Beit Hapaham; Vegetable Sheli
צרכניית יודפת,2,צרכניית יודפת בעמ,Yodfat Grocery (2),🛍️Groceries (2),Yodfat Grocery
קוגול רפי,1,קוגול רפי באר שבע בעמ,Zmigim Rafi (1),Auto Maintenance (1),Zmigim Rafi
קולומביה,3,קולומביה,Columbia (3),Bulgaria July 2025 (3),Columbia
קולורטו,1,קולורטו,Coloretto (1),Going out and restaurants (1),Coloretto
קונדיטורית מרטין,1,קונדיטורית מרטין בעמ,Martin (1),Going out and restaurants (1),Martin
קופר ופאקו שדרות יהודית,3,קופר ופאקו שדרות יהודית,Cooper and Pako Tel Aviv (2); Kooper and Pako Tel Aviv (1),Going out and restaurants (3),Cooper and Pako Tel Aviv; Kooper and Pako Tel Aviv
קופת אבי,2,קופת תל אבי,Kupat Tel Aviv (2),Summer 2024 8000 (2),Kupat Tel Aviv
קוקיס אשדודו,1,קוקיס אשדודו,Cookies Ashdod (1),Opher food (1),Cookies Ashdod
קידום ידע והשכלה חולון,1,קידום ידע והשכלה חולון,Kidum yeda vehaskala (1),Chugim (1),Kidum yeda vehaskala
קיר טיפוסperformancerock,1,קיר טיפוסPERFORMANCEROCK,Kir Tipus (1),Chugim (1),Kir Tipus
קל גב סחר,1,קל גב סחר בעמ,Kal gav (1),House and stuff (1),Kal gav
קלופ שופ,9,קלופ שופ,Klop shop (9),🛍️Groceries (6); Birthdays (2); Bat Mitzvah 17000 (1),Klop shop
קמח הארץ,4,קמח הארץ,Flour of the earth (3); Kemach Haaretz (1),🛍️Groceries (4),Flour of the earth; Kemach Haaretz
קמח הארץ נתיב אשכול,4,קמח הארץ - נתיב אשכול בעמ,Flour of the earth (3); Kemach Haaretz (1),🛍️Groceries (4),Flour of the earth; Kemach Haaretz
קמפאי,7,קמפאי טוגו,Kampai (7),Going out and restaurants (6); Birthdays (1),Kampai
קסאי מכשירי פילאטיס,1,קסאי מכשירי פילאטיס,Kasai (1),Pilates (1),Kasai
קפאסה,2,? ב-קפאסה,Kepasa (2),Going out and restaurants (2),Kepasa
קפה גורמה,1,2014 קפה גורמה.י. ב-מ,Cafe Gourmet Jerusalem (1),Summer 2024 8000 (1),Cafe Gourmet Jerusalem
קפה גרג באקה אל גרבי,1,קפה גרג סניף באקה אל גרבי,Greg (1),Going out and restaurants (1),Greg
קפה טורקי,2,קפה טורקי,Turkish coffee Jerusalem (1); Be Fresh Midrahov Jerusalem (1),Summer 2024 8000 (2),Turkish coffee Jerusalem; Be Fresh Midrahov Jerusalem
קפה נטו רכבת סבידור,1,קפה נטו רכבת סבידור,Cafe Neto (1),Going out and restaurants (1),Cafe Neto
קפה סוזאנה,1,קפה סוזאנה,Cafe Suzanna (1),Going out and restaurants (1),Cafe Suzanna
קפה ספארו,1,קפה ספארו,Cafe Sparro Tal Shahar (1),Opher food (1),Cafe Sparro Tal Shahar
קפה עלית,8,קפה עלית רכבת באר שבע אונ,Train food (7); Cafe Illit (1),🛍️Groceries (5); Opher food (3),Train food; Cafe Illit
קפה פלורה בחווה,1,קפה פלורה בחווה,Cafe Flora Sede Moshe (1),Going out and restaurants (1),Cafe Flora Sede Moshe
קפה קפה דיזינגוף,1,קפה קפה דיזינגוף,Cafe cafe Tel Aviv (1),Going out and restaurants (1),Cafe cafe Tel Aviv
קפה רגע,22,קפה רגע,Cafe Rega (22),Going out and restaurants (20); Opher food (2),Cafe Rega
קפה רומנו,1,קפה רומנו,Cafe Romano Tel Aviv (1),Going out and restaurants (1),Cafe Romano Tel Aviv
קפית,1,קפית,Capit Jerusalem (1),Opher food (1),Capit Jerusalem
קצבת ילדים,19,קצבת ילדים-י,Bituach Leumi Children (19),Ready to Assign (19),Bituach Leumi Children
קקאו טבעי,5,קקאו טבעי,Cacao Natural (5),🛍️Groceries (5),Cacao Natural
קרביץ ישראל,27,קרביץ ישראל,Kravitz (26); Campus Food (1),House and stuff (22); Opher food (3); 🛍️Groceries (1),Kravitz; Campus Food
קרדינל אלי טראב,1,קרדינל אלי טראב בעמ,Cardinal (1),🛍️Groceries (1),Cardinal
קרוב משפחה דר דונחין,1,קרוב משפחה (דר) דונחין,Yoel Donchin (1),Bat Mitzvah 17000 (1),Yoel Donchin
קרוקס,2,קרוקס,Crocs (2),Clothing (2),Crocs
קרן גוריון,2,קרן גוריון,Keren Gurion (1); Summer camp Keren Gurion (1),Summer 2024 8000 (2),Keren Gurion; Summer camp Keren Gurion
קרן מכבי,6,קרן מכבי | הוראת קבע,Maccabi (6),Medical (6),Maccabi
קרנית וסלינג,1,קרנית וסלינג,Karnit Wasling (1),Investment income and expenses (1),Karnit Wasling
קרנף בר,11,קרנף בר בש,Campus Food (11),Opher food (11),Campus Food
קשר עין,1,קשר עין - בש,Kesher Ein (1),Medical (1),Kesher Ein
קשת טעמים,1,קשת טעמים באר שבע,Keshet Teamim (1),🛍️Groceries (1),Keshet Teamim
ראש חשמל,1,ראש חשמל באר שבע בעמ,Rosh Hashmal (1),House and stuff (1),Rosh Hashmal
רבית זכות,7,רבית זכות,Interest (5); Bank leumi (1); Tax refund (1),Ready to Assign (6); Investment income and expenses (1),Interest; Bank leumi; Tax refund
רויז בורגר,1,רויז בורגר בעמ,Roys Burger (1),Going out and restaurants (1),Roys Burger
רולדין,2,רולדין גדרה,Roladin (2),Going out and restaurants (2),Roladin
רון חליבה אלוף הפיצוחים,2,רון חליבה( אלוף הפיצוחים,Aluf Hapizuhim (1); Corner Store (1),🛍️Groceries (2),Aluf Hapizuhim; Corner Store
רוני קרול,1,רוני קרול,Danielle (1),Danielle (1),Danielle
רותם דעי,1,רותם דעי,Bake sale (1),Pocket money (1),Bake sale
רז גל,1,בעמ(2005) ב-רז גל,Gas Food (1),Opher food (1),Gas Food
רי בורגר העתיקה,2,רי בורגר העתיקה,Smilanksy Festival (1); Reburger (1),Going out and restaurants (2),Smilanksy Festival; Reburger
ריבית חובה,6,ריבית חובה,Interest (3); Bank leumi (2); Interest pament (1),Bank Interest & Fees (6),Interest; Bank leumi; Interest pament
רינת כרסנטי,2,רינת כרסנטי,Isshin Aikido (2),Aikido (2),Isshin Aikido
רכבת ישראל,7,רכבת ישראל-באר שבע צפון,train (6); Rav pas (1),Transportation (4); Bulgaria July 2025 (2); Birthdays (1),train; Rav pas
רמי לוי,8,רמי לוי - באר שבע,Rami Levy (4); Rami Levi (4),🛍️Groceries (7); Bat Mitzvah 17000 (1),Rami Levy; Rami Levi
רמי קאליר,3,רמי קאליר,Rami Kallir (2); Hava Kallir (1),Loans and transfers (3),Rami Kallir; Hava Kallir
רשות הדואר דרכון עד הבית,1,רשות הדואר דרכון עד הבית,Postal Service (1),House and stuff (1),Postal Service
רשות הדואר רכישת מוצר דאר,3,רשות הדואר-רכישת מוצר דאר,Postal Service (2); Post office (1),House and stuff (3),Postal Service; Post office
רשות הטבע והגנים,4,רשות הטבע והגנים - בארות,Matmon Reshut Hateva (2); Reshut hateva stores (1); Sosita (1),Summer 2025 (2); Summer 2024 8000 (1); Birthdays (1),Matmon Reshut Hateva; Reshut hateva stores; Sosita
רשתות תאורה,1,רשתות תאורה באר שבע,Lighting Neetwork (1),House and stuff (1),Lighting Neetwork
רשתות תאורה חאן ראש פינה,1,רשתות תאורה חאן ראש פינה,Light Network Rosh Pina (1),House and stuff (1),Light Network Rosh Pina
שבילים,4,שבילים באר שבע,Shvilim Beer sheva (3); Shvilim outlet (1),Bulgaria July 2025 (3); Clothing (1),Shvilim Beer sheva; Shvilim outlet
שבילים עודפים בילו,1,שבילים עודפים בילו,Shvilim outlet (1),Clothing (1),Shvilim outlet
שבעkfc,2,באר שבעKFC,KFC (2),Going out and restaurants (2),KFC
שווארמה רסקו,1,שווארמה רסקו,Shawarma Rasko (1),Going out and restaurants (1),Shawarma Rasko
שווארמה שמעוני,1,שווארמה שמעוני בעמ,Schwarma Shimoni (1),Going out and restaurants (1),Schwarma Shimoni
שון מרטינוב,1,שון מרטינוב,Shawn Martinov (1),Mikael (1),Shawn Martinov
שופרסל,11,שופרסל דיל רמות בש,Supersal (11),🛍️Groceries (11),Supersal
שוק,1,שוק הכרמל25M,Shuk Karmel (1),House and stuff (1),Shuk Karmel
שוקולטה בניין,13,90 ב-שוקולטה בניין,Campus Food (13),Opher food (13),Campus Food
שוקולנד שלומי,1,שוקולנד שלומי,Shlomi Chocolate Jerusalem (1),Summer 2024 8000 (1),Shlomi Chocolate Jerusalem
שחר קצב,6,שחר קצב,Isshin Aikido (6),Aikido (6),Isshin Aikido
שטיפת הדקל,1,שטיפת הדקל,Car wash Dekel (1),Auto Maintenance (1),Car wash Dekel
שטפן בייקרי אוסטרי,1,שטפן בייקרי אוסטרי,Austrian Bakery Tel Aviv (1),Going out and restaurants (1),Austrian Bakery Tel Aviv
שיאון שיראקאוובה,3,שיאון שיראקאוובה,Mazal Shuker (1); Shean Shirakava (1); Yonit Friedman (1),Loans and transfers (2); Mikael (1),Mazal Shuker; Shean Shirakava; Yonit Friedman
שייק בקטר,4,שייח בקטר,Shake Bakatar (2); Smilanksy Festival (1); Reburger (1),Going out and restaurants (4),Shake Bakatar; Smilanksy Festival; Reburger
שייק שאק,1,שייק שאק,Shake Shack Tel Aviv (1),Going out and restaurants (1),Shake Shack Tel Aviv
שירה יהב גרנ,11,שירה יהב גרנ,Shira Yahav (11),Chugim parents (11),Shira Yahav
שירי,61,שירי בעמ.א. ב-ש,Shiri (61),🛍️Groceries (61),Shiri
שלומית צדיק,2,שלומית צדיק,Isshin Aikido (2),Aikido (2),Isshin Aikido
שלי רחובות,1,שלי רחובות,Supersal (1),Aikido (1),Supersal
שמורת,1,125 ב-שמורת,Shmurat 125 coffee (1),Going out and restaurants (1),Shmurat 125 coffee
שף דיפו,1,שף דיפו,Chef Depot (1),House and stuff (1),Chef Depot
שפרה פרנס,3,שפרה פרנס,Isshin Aikido (3),Aikido (3),Isshin Aikido
שקם דיוטי,1,שקם דיוטי,Duty free Shekem (1),Bulgaria July 2025 (1),Duty free Shekem
תומר אליהו,7,תומר אליהו,Isshin Aikido (7),Aikido (7),Isshin Aikido
תחבורה פנגו מוביט,35,תחבורה - פנגו מוביט. ב-מ,Pango moovit (34); Pango (1),Transportation (35),Pango moovit; Pango
תחבורה רב פס,196,תחבורה- רב-פס. ב-מ,Rav pas (192); train (1); Bank leumi (1),Transportation (184); Bulgaria July 2025 (6); Summer 2024 8000 (4),Rav pas; train; Bank leumi; Ravkav; Food machine
תיאטרון,1,תיאטרון באר-י,Beer Sheva Theater (1),Summer 2024 8000 (1),Beer Sheva Theater
תיכון עירוני מקיף,4,תיכון עירוני מקיף א,Mekif A (3); Mekif C (1),Mekif A 2000 July (3); Mekif C 2000 July (1),Mekif A; Mekif C
תכשיטי ישראל,1,תכשיטי ישראל,Israel Jewlery Grand Mall (1),Clothing (1),Israel Jewlery Grand Mall
תרבות ופנאי כיוונים,5,תרבות ופנאי? ב-כיוונים,Kivunim (3); Beer Sheva Theater (1); Mishkan Omanuyot (1),Chugim (3); Going out and restaurants (1); Theater subscription 800 July (1),Kivunim; Beer Sheva Theater; Mishkan Omanuyot
