fingerprint_v0,count,example_raw_text,top_ynab_payees,top_ynab_categories,canonical_payee
ab_airport_343 spata gr,1,AB_AIRPORT_343 SPATA GR,AB Airport (1),Greece 2025 (1),AB Airport
angeli eirini vytina gr,1,ANGELI EIRINI VYTINA GR,Agelini Iyrini (1),Greece 2025 (1),Agelini Iyrini
anivals ood sofia bg,1,ANIVALS OOD SOFIA BG,Anivals Sofia (1),Bulgaria July 2025 (1),Anivals Sofia
atlas,4,ATLAS,Train food (2); Oren Meshi Bakery (1); Atlas (1),Going out and restaurants (3); 锔Groceries (1),Groceries
bbb  注 砖专,1,BBB -注 砖专,Bbb (1),University (1),Bbb
bili eood bansko bg,1,BILI 3211 EOOD BANSKO BG,Bili Bansko (1),Bulgaria July 2025 (1),Bili Bansko
billa sofia bg,2,BILLA 191 02 SOFIA BG,Billa Sofia (2),Bulgaria July 2025 (2),Billa Sofia
bit,181,BIT,Subject payment (55); Subject (39); Bit (17),University (94); Chugim parents (16); Unexplained expenses (11),Bit
bordo,1,BORDO,Bordo (1),Going out and restaurants (1),Bordo
cafe nook,1,CAFE NOOK,Cafe nook Rehobot (1),Opher food (1),Cafe nook Rehobot
carbon grip,1,CARBON GRIP,Carbon grip climbing shop (1),锔Groceries (1),Carbon grip climbing shop
cello,32,CELLO,Cello park (32),Transportation (32),Cello park
cello 专转 拽注,1,CELLO | 专转 拽注,Cello park (1),Transportation (1),Cello park
citygate sofia transit sofia bg,6,CITYGATE SOFIA TRANSIT SOFIA BG,Sofia transport (6),Bulgaria July 2025 (6),Sofia transport
codespark academy us,2,CODESPARK ACADEMY 2144154542 US,Codespark academy (2),Software Subscriptions (2),Codespark academy
decathlon ashdod,1,DECATHLON ASHDOD,Decathlon (1),Bulgaria July 2025 (1),Decathlon
duty free market,1,DUTY FREE MARKET,Duty free (1),Gifts (1),Duty free
duty free sweets,1,DUTY FREE SWEETS,Duty free (1),Bulgaria July 2025 (1),Duty free
el al israel airlines,1,EL AL ISRAEL  AIRLINES,El al (1),University (1),El al
em yu zeng,2,EM752427 YU ZENG,Subject payment (2),University (2),Subject payment
etsy www etsy com ie,1,ETSY WWW.ETSY.COM IE,Etsy (1),Gifts (1),Etsy
experiment gongxu ji ed gongxu ji,2,EXPERIMENT GONGXU JI ED00306 GONGXU JI,Subject payment (2),University (2),Subject payment
experiment yipeng gou em yipeng gou,2,EXPERIMENT YIPENG GOU EM4469 YIPENG GOU,Subject payment (2),University (2),Subject payment
fika  驻拽,1,FIKA -驻拽,Fika Tel Aviv (1),Birthdays (1),Fika Tel Aviv
g  注 专 转,1,G -注 专 转,Nimrod (1),Clothing (1),Nimrod
get bike,1,GET BIKE,Get Bike (1),House and stuff (1),Get Bike
gett,1,GETT,Gett (1),Transportation (1),Gett
good market,1,GOOD MARKET,Good Market Tel Aviv University (1),Opher food (1),Good Market Tel Aviv University
happy market bansko bg,1,HAPPY MARKET BANSKO BG,Happy Barket Bansko (1),Bulgaria July 2025 (1),Happy Barket Bansko
hatch,1,HATCH,Hatch Shuck Jerusalem (1),Vacation 2024 4000 (1),Hatch Shuck Jerusalem
hot mobile  拽 专转 拽注,4,"HOT MOBILE ""拽 | 专转 拽注",HOT (4),Internet (4),HOT
i vitina arkadias gr,1,I VITINA ARKADIAS GR,Vitina Arkadius (1),Greece 2025 (1),Vitina Arkadius
ice city,4,ICE CITY,Ice City (4),Going out and restaurants (4),Ice City
iherb iherb com iherb com nl,3,IHERB IHERB.COM IHERB.COM NL,iHerb (3),House and stuff (2); Loans and transfers (1),iHerb
ikea  拽,23,IKEA -拽,Ikea (18); Ikea food (4); Ikea groceries (1),House and stuff (14); House 2024 4000 (4); 锔Groceries (3),Ikea
illusions sofia sofiya bg,1,ILLUSIONS SOFIA SOFIYA BG,Illusions Sofia (1),Bulgaria July 2025 (1),Illusions Sofia
isweet,1,ISWEET,Isweet (1),Going out and restaurants (1),Isweet
jatin z experiment jatin pandit,4,JATIN Z4614544 EXPERIMENT JATIN PANDIT,Subject (4),University (4),Subject
juice bar pier west schwechat at,1,JUICE BAR PIER WEST SCHWECHAT AT,Juice Bar Vienna Airport (1),University (1),Juice Bar Vienna Airport
kokkina pytharia vytina gr,1,KOKKINA PYTHARIA VYTINA GR,Kokkina (1),Greece 2025 (1),Kokkina
ksp  砖,2,"KSP ""砖",KSP (2),House and stuff (1); Bulgaria July 2025 (1),KSP
lime payoff jby5 www li me,2,LIME*PAYOFF JBY5 WWW.LI.ME US,Lime (2),Transportation (2),Lime
lime ride jby5 www li me,2,LIME*RIDE JBY5 WWW.LI.ME US,Lime (2),Transportation (2),Lime
ma baker eood sofia bg,1,MA BAKER EOOD SOFIA BG,Baker Food Sofia (1),Bulgaria July 2025 (1),Baker Food Sofia
mona liza bg eood sofiya bg,1,MONA LIZA BG EOOD SOFIYA BG,Mona Liza Bulgaria (1),Bulgaria July 2025 (1),Mona Liza Bulgaria
mr pretzels israel,1,MR PRETZELS ISRAEL,Mr. Pretzel (1),Going out and restaurants (1),Mr. Pretzel
next online www2 next co gb,1,NEXT ONLINE WWW2.NEXT.CO. GB,Next online (1),Pilates (1),Next online
next tv by hot 专转 拽注,4,NEXT TV BY HOT | 专转 拽注,HOT (4),Internet (4),HOT
nila kadamannil,2,NILA KADAMANNIL 05584439,Subject (2),University (2),Subject
nyx serdicastarltd sofia bg,1,NYX*SERDICASTARLTD SOFIA BG,Lockers Sofia (1),Bulgaria July 2025 (1),Lockers Sofia
obsidian md oakville ca,1,OBSIDIAN.MD OAKVILLE CA,Obsidian (1),University (1),Obsidian
oomai,1,OOMAI,Oomai sushi tel aviv (1),Going out and restaurants (1),Oomai sushi tel aviv
open spot,1,OPEN SPOT 4,Offen Spot (1),锔Groceries (1),Offen Spot
opher donchin,19,OPHER DONCHIN,Transfer : US Money (19),Ready to Assign (17); Future planned expenses (2),Transfer : US Money
ortokal httpsortokal us,2,ORTOKAL HTTPSORTOKAL. US,Ortokal (2),Pilates (2),Ortokal
paybox,7,PAYBOX,Sarah Therapist (2); Strategies teacher (2); Liron study help (2),Chugim (4); Chugim parents (1); Medical (1),Paybox
paybox tel aviv il,15,PAYBOX TEL AVIV IL,Noga Homeopathy (3); Elian (1); Pomegrante juice (1),Chugim parents (5); Gifts (4); Going out and restaurants (2),Paybox
paybox tel aviv il  lior,1,PAYBOX                 TEL AVIV      IL | : Lior Israel,Theatre (1),Chugim (1),Paybox
paybox tel aviv il  驻专,1,PAYBOX                 TEL AVIV      IL | : 驻专 砖,Paybox (1),Unexplained expenses (1),Paybox
paybox tel aviv il  转,1,PAYBOX                 TEL AVIV      IL | : 转 专转 住祝 砖,Mikael's teacher (1),Gifts (1),Mikael's teacher
paybox tel aviv il  注,2,PAYBOX                 TEL AVIV      IL | : 注 ,Sarah Therapist (2),Chugim parents (2),Sarah Therapist
paybox  注 ,3,PAYBOX | : 注 ,Sarah Therapist (3),Chugim parents (3),Sarah Therapist
paypal alipaysinga sg,3,PAYPAL *ALIPAYSINGA 17280818884 SG,Ali Express (3),House and stuff (1); Pets (1); University (1),Ali Express
puzzle outlet,2,PUZZLE OUTLET,Soft cookies Jerualem (1); Puzzle outlet Jerusalem (1),Summer 2024 8000 (2),Puzzle Outlet Jerusalem
reimbursement yixin wan,1,REIMBURSEMENT YIXIN WAN,Yixin Wan (1),University (1),Yixin Wan
rewe duesseldorf flugh duesseldorf de,1,REWE DUESSELDORF FLUGH DUESSELDORF DE,Rewe Dusseldorf Airport (1),University (1),Rewe Dusseldorf Airport
rexail 拽转  ,1,REXAIL 拽转 -,Rexail (1),锔Groceries (1),Rexail
roasters,29,ROASTERS,Roasters (28); Food machine (1),Going out and restaurants (13); Opher food (10); 锔Groceries (5),Roasters
rossmann essen de,1,ROSSMANN 1950 ESSEN DE,Rossman Essen (1),University (1),Rossman Essen
sebocelm,2,SEBOCELM,Sabo calm (1); seboclem (1),Pilates (1); House and stuff (1),Sebo Calm
sisira r experiment sisira kunnath,4,SISIRA R5541272 EXPERIMENT SISIRA KUNNATH,Subject (4),University (4),Subject
so bing,2,SO BING,So Bing (1); So Bing Tel Aviv (1),Going out and restaurants (1); Birthdays (1),So Bing
studio garazh eood gr sofiya bg,1,STUDIO GARAZH EOOD GR SOFIYA BG,Studio Garazh (1),Bulgaria July 2025 (1),Studio Garazh
sumup em dzhi e bansko bg,1,SUMUP *EM DZHI 2023 E BANSKO BG,Sumup Bansko (1),Bulgaria July 2025 (1),Sumup Bansko
sweet things bg ood sofia bg,2,SWEET THINGS BG OOD SOFIA BG,Sweet Things Sofia (2),Bulgaria July 2025 (2),Sweet Things Sofia
tasty bansko bansko bg,1,75 TASTY - BANSKO BANSKO BG,Tasty 75 Bansko (1),Bulgaria July 2025 (1),Tasty 75 Bansko
terminal,2,TERMINAL 3,Terminal 3 (2),锔Groceries (1); Loans and transfers (1),Terminal 3
the alley,1,THE ALLEY,The Alley Tea Tel aviv (1),Going out and restaurants (1),The Alley Tea Tel aviv
the integral dojo www theintegr us,1,THE INTEGRAL DOJO WWW.THEINTEGR US,Integral dojo (1),Aikido (1),Integral dojo
the rova coffee house,1,THE ROVA COFFEE HOUSE,Rova Coffee House Jerusalem (1),Summer 2024 8000 (1),Rova Coffee House Jerusalem
tickets np 驻注转 专住,1,TICKETS NP 驻注转 专住,Tickets NP (1),Going out and restaurants (1),Tickets NP
tres jolie,1,TRES JOLIE,Tres Jolie (1),Going out and restaurants (1),Tres Jolie
vimal chitra u vimal krishasam,1,VIMAL CHITRA U5994886 VIMAL KRISHASAM,Subject (1),University (1),Subject
vrr duesseldorf duesseldorf de,1,VRR DUESSELDORF DUESSELDORF DE,VRR (1),University (1),VRR
wolt,2,WOLT,Wolt (2),Mikael (2),Wolt
yooletta,1,YOOLETTA,Yooletta (1),Gifts (1),Yooletta
  ,1,  ,Ayala tours (1),University (1),Ayala tours
 转 转  ,14, 转 转. -,Food machine (5); Train food (5); Tulitul Bakery (1),锔Groceries (9); Going out and restaurants (2); Opher food (2),Food machine
 驻转专转  注  ,1, 驻转专转  注.. - ,ANA Food Solutions (1),锔Groceries (1),ANA Food Solutions
  砖,1,  砖,Gan Shmuel (1),House and stuff (1),Gan Shmuel
 住 住54  驻拽专,1, 住 住54 -驻拽专,Factory 54 Outlet (1),Clothing (1),Factory 54 Outlet
 专  驻拽,1, 专 -  驻拽,Aviv liberman (1),Going out and restaurants (1),Aviv liberman
转,1,转,Avivit Tel Aviv (1),Pocket money (1),Avivit Tel Aviv
专 住专isim,1,专 住专ISIM,ISim (1),Unplanned extra expense (1),ISim
 拽转 砖专,2,- 拽转 砖专,Egged (2),University (2),Egged
专  专转 拽注,6,专  | 专转 拽注,Adrian Sports Trainer (6),Chugim parents (5); Chugim (1),Adrian Sports Trainer
专   砖专 专,1,专 - 砖专 专,Adrian Sports Trainer (1),Chugim parents (1),Adrian Sports Trainer
专   住转拽 拽专拽,2,专 ) -住转拽 拽专拽,Saltik Electromechanics (1); Seltick Electromechanics (1),House and stuff (2),Seltick electromechanics
  ,20,  ,Oh Lala (15); Oh la la (3); Ohlala (2),Opher food (11); Going out and restaurants (9),Oh la la
   ,1,   ,Oh la la (1),Gifts (1),Oh la la
 ,1, ,Udi Galili (1),House and stuff (1),Udi Galili
  专 ,26,'  专-,BGU Salary (24); Salary Opher (2),Ready to Assign (26),BGU Salary
 转  ,1,' 转 -,Tel Aviv University (1),Ready to Assign (1),Tel Aviv University
专住转  ,24,专住转 -,BGU (24),University (24),BGU
驻 住驻 住,4,驻 住驻 住,Offen Spot (4),锔Groceries (4),Offen Spot
驻  ,4,驻  ,Adam And Hava Bikes (4),House and stuff (4),Adam And Hava Bikes
驻转 专专,1,驻转 专专,Renuar (1),Clothing (1),Renuar
专 专 ,3,专 专 ,Or Bar Gal (3),Clothing (2); Pilates (1),Or Bar Gal
专 砖专,1,专 砖专,Or Israel (1),Loans and transfers (1),Or Israel
专 专砖,1,专 专砖,Or Rishon (1),House and stuff (1),Or Rishon
专 专,1,专 专,Isshin Aikido (1),Aikido (1),Isshin Aikido
专拽,1,专拽,Urbanica (1),Clothing (1),Urbanica
专拽 专 拽 专 砖,4,专拽 专 拽 专 砖,Urbanica (3); Clothing store (1),Clothing (4),Urbanica
专 爪,5,专 爪,Isshin Aikido (5),Aikido (5),Isshin Aikido
转 祝 ,1,转 祝 ,Parking Tel Aviv Science Museum (1),Transportation (1),Parking Tel Aviv Science Museum
转 祝  砖,1,转 祝  砖,Parking Tel Aviv (1),Transportation (1),Parking Tel Aviv
 拽 专,4, 拽 专,Ahim Bokobza (3); Bokoboza Terminal (1),锔Groceries (2); Bat Mitzvah 17000 (1); Aikido (1),Ahim Bokokbza Terminal Liquors
 注专 专转 ,4, 注专 专转 -,Parking Amnun beach (4),Summer 2024 8000 (4),Parking Amnun beach
  住专 专 砖注,1,  住专 专-砖注,Idigital (1),House and stuff (1),Idigital
专,1,专,Ivory (1),Birthdays (1),Ivory
专 砖,1,专 砖,Ivory (1),Pilates (1),Ivory
住 专 砖注,16,住 专 砖注,Ace (15); Ace car (1),House and stuff (13); Auto Maintenance (3),ACE
拽  砖  拽 专转,7,"拽 ""砖 - ""拽 | 专转 拽注",Icon (7),Chugim parents (7),Icon
拽  砖 专,1,"拽 ""砖  - 专",Icon (1),Chugim parents (1),Icon
住 专转 专 砖注 爪驻,5,住 专转 专 砖注 爪驻,Train food (3); Ilans (1); Oren Meshi Bakery (1),Going out and restaurants (3); 锔Groceries (2),Train food
住 专转 转 砖注,2,住 专转-转 砖注,Train food (2),Opher food (1); Going out and restaurants (1),Train food
住 专转 转 专住,1,住 专转 -转 专住,Train food (1),Opher food (1),Train food
住 专转 转 ,1,住 专转-转 ,Train food (1),Going out and restaurants (1),Train food
驻专转 转拽 注 ,3,驻专转 转拽 注- ,Empire of sweets (2); Imperiyat Hamamtakim (1),锔Groceries (3),Empire of sweets
  专 砖注,2,  专 砖注,Intima (2),Clothing (2),Intima
住驻专  注,1,住驻专  注,Inspire (1),Pilates (1),Inspire
拽 ikea,1,拽 IKEA,Ikea (1),House and stuff (1),Ikea
转  专 拽驻专,2,转  专 拽驻专,Itai Cohen (2),Chugim (2),Itai Cohen
转 ,1,转 ,Paybox (1),Unexplained expenses (1),Paybox
 ,1, ,El halev (1),Aikido (1),El halev
 砖拽 注 爪专转,1, 砖拽 注-爪专转,Elgo watering (1),House and stuff (1),Elgo watering
 专,1, 专,Ella Tzur (1),Gifts (1),Ella Tzur
 爪转 专,2, 爪转-专,Sabih Tshernichovsky Tel Aviv (1); Elo Deals Mizrahi (1),Going out and restaurants (1); House and stuff (1),Elo Deal Mizrahi
转 转 砖注,1,转 转 砖注,Gas Food (1),锔Groceries (1),Gas Food
转 注 专,1,转 - 注 专,Gas Food (1),锔Groceries (1),Gas Food
转 注 注专,8,转 - 注 注专,Gas Food (5); Alonit (3),锔Groceries (4); Opher food (3); Going out and restaurants (1),Alonit
砖专 砖 ,22,砖专 砖-,Altshuler Shaham (21); Excellence (1),Pilates (22),Althsuler Shaham
 专,1, 专,Bake sale (1),Pocket money (1),Bake sale
 驻爪住拽,2, 驻爪住拽,Isshin Aikido (2),Aikido (2),Isshin Aikido
 专 砖注,2, 专 砖注,Alital (2),Clothing (2),Alital
  专 砖注,7,  专 砖注,Alital (7),Clothing (7),Alital
住 爪住,1,住 爪住,Isshin Aikido (1),Aikido (1),Isshin Aikido
砖 拽 住专 注,1,砖 拽 住专 注,King Store (1),锔Groceries (1),King Store
注 专,2,注 专,Isshin Aikido (2),Aikido (2),Isshin Aikido
 专japanika,1, 专JAPANIKA,Japanika (1),Going out and restaurants (1),Japanika
 砖 转 驻  ,1, 砖' 转.驻.. -,Am Pm (1),锔Groceries (1),Am Pm
 砖专转  注  ,6, 砖专转  注.. -住,Campus Food (2); SBS Food (2); Airport food (1),University (2); Opher food (2); Going out and restaurants (2),Es Food Services
专拽 ,9,专拽 ,American Eagle (9),Clothing (9),American Eagle
 注 ,1, 注 -,Onami Tel Aviv (1),Birthdays (1),Onami Tel Aviv
  注,2,  注,Anita Ice Cream (2),Going out and restaurants (2),Anita Ice Cream
爪 专 砖注yellow  驻,35,爪 专 砖注YELLOW -驻,Yellow (18); Paz (16); Gas Food (1),Gas (33); Bat Mitzvah 17000 (1); 锔Groceries (1),Yellow
爪  拽驻 注,1,爪  拽驻 注,Etzel Guta Matan (1),Going out and restaurants (1),Etzel Guta Matan
专 住专 注 1,1,专 住专 注. - 1,Er Selular (1),House and stuff (1),Er Selular
专 拽驻 专转,1,专 拽驻 专转,ArCaffe Rehovot (1),Opher food (1),ArCaffe Rehovot
专 住专住转  专,24,专 住专住转  专,Aroma (22); Tulitul Bakery (1); Campus Food (1),Opher food (18); Going out and restaurants (6),Aroma
专 驻拽爪,12,专 驻拽爪,Aroma (12),Opher food (9); Going out and restaurants (3),Aroma
专 转 拽,3,专 转 拽,Aroma (3),Going out and restaurants (3),Aroma
专  专,6,专  专,Aroma (4); Campus Food (1); Stopper Locks (1),Opher food (4); Going out and restaurants (1); Unplanned extra expense (1),Aroma
专 祝 住专,2,专 祝 住专,Aroma Dizengoff Center (2),Going out and restaurants (2),Aroma Dizengoff Center
专 砖,4,专 砖,Aroma (4),Going out and restaurants (3); Opher food (1),Aroma
专 住专 砖,1,专 住专 砖,Aroma Ashdod (1),Going out and restaurants (1),Aroma Ashdod
专 注 砖专,3,专 注 砖专,Aroma (3),Going out and restaurants (2); Opher food (1),Aroma
专 专专,1,专 专专,Aroma (1),Opher food (1),Aroma
 专 住 专驻住,1,83 -专 住 专驻住,Aricha Sabich Jerusalem (1),Opher food (1),Aricha Sabich Jerusalem
   住驻专专拽 住转,9,) - - 住驻专专拽 住转,Tayo (9),锔Groceries (9),Tayo
 拽,8,26 -拽,Bialek 26 (5); Bialik (2); Subject payment (1),Going out and restaurants (7); University (1),Bialek 26
   住爪 砖 ,1,   住爪 砖. -砖,Ben Zino Plumbing (1),Unplanned extra expense (1),Ben Zino Plumbing
 抓,2,33 -抓,Hahalutz 33 (2),Going out and restaurants (2),Hahalutz 33
 拽爪 拽 专住,2,6565* -拽爪'拽 专住,SBS Food (1); Transmeet (1),Going out and restaurants (1); University (1),Hahalutz 33
 住专住 专 砖注 ,3,30 -住专住 专 砖注 ,Campus Food (3),Opher food (3),Campus Food
 住驻专 驻专 专 砖注,19,4 -住驻专 驻专 专 砖注,Superpharm (18); Superfarm (1),House and stuff (13); Medical (5); Opher food (1),Superpharm
 住驻专 驻专  砖,1,84 -住驻专 驻专  砖,Superpharm (1),House and stuff (1),Superpharm
 住驻专驻专  专 砖注,3,55 -住驻专驻专  专-砖注,Superpharm (3),House and stuff (2); Medical (1),Superpharm
 拽驻住,1,? -拽驻住,Kepasa (1),Going out and restaurants (1),Kepasa
 砖拽 ,13,90 -砖拽 ,Campus Food (13),Opher food (13),Campus Food
 砖专转,1,125 -砖专转,Shmurat 125 coffee (1),Going out and restaurants (1),Shmurat 125 coffee
3  转 转 专拽,1,1 3 -转 转 - 专拽,Market (1),锔Groceries (1),Market
 砖专,1, 砖专,Shwarma (1),Going out and restaurants (1),Shwarma
  专 砖注,2,  专 砖注,Bug (2),House and stuff (2),Bug
 住住 注,1, 住住 注,Bug (1),House and stuff (1),Bug
 住,2, 住,Baleh Humus Rakefet (2),锔Groceries (1); Opher food (1),Baleh Humus Rakefet
专 砖注 砖 ,14,专 砖注 砖 ,Rami Levi (7); Rami Levy (7),锔Groceries (14),Rami Levi
专 砖注 专ksp,1,专 砖注 专KSP,KSP (1),House and stuff (1),KSP
专 砖注 专 yellow  驻,1,专 砖注 专/YELLOW -驻,Yellow (1),Gas (1),Yellow
专 砖注 爪驻 yellow  驻,2,专 砖注 爪驻/YELLOW -驻,Yellow (2),Gas (2),Yellow
专 砖注kfc,2,专 砖注KFC,KFC (2),Going out and restaurants (2),KFC
专 砖拽转 专注,1,专 砖拽转 专注,Hotzot Hayotser Food Jerusalem (1),Summer 2024 8000 (1),Hotzot Hayotser Food Jerusalem
砖专 驻专 专 专 砖注,3,砖专 驻专'专 专 砖注,Basher (3),锔Groceries (2); Birthdays (1),Basher
住 ,2,住 ,Dganya (2),School 2500 Dec (2),Dganya
拽  注,5,拽  注,Fish boutique (5),锔Groceries (4); Bat Mitzvah 17000 (1),Fish boutique
注转 砖专转 住,1,注转 砖专转 住,Soap suds laundry (1),House and stuff (1),Soap suds laundry
注 住,6,注 住,Boaz (6),Pilates (6),Boaz
拽 转专转 专拽爪转,3,拽 转专转 专拽爪转,Bookit attractions (2); Lehem Hemed (1),Going out and restaurants (2); 锔Groceries (1),Bookit attractions
专住 拽爪专 砖,4,专住 拽爪专 砖,Bbb (4),Going out and restaurants (4),Bbb
   ,4,  -,Bituach Leumi (4),Pilates (2); Ready to Assign (2),Bituach Leumi
 驻专砖  ,2, 驻专砖  ,Turkish coffee Jerusalem (1); Be Fresh Midrahov Jerusalem (1),Summer 2024 8000 (2),Be Fresh Midrahov Jerusalem
 专 砖注  注,1, 专 砖注2000 -注,Idan Zoo (1),Gifts (1),Idan Zoo
 砖 驻 拽专,2, 砖 驻 拽专,Foot locker (2),Clothing (2),Foot locker
 住拽 专 砖注,2, 住拽 专 砖注,Big Stok (2),House and stuff (1); Birthdays (1),Big Stok
住  专砖转,1,住  专砖转,Dganya Rent (1),Aikido (1),Dganya Rent
  注,1, - 注,Bio Gaya (1),House and stuff (1),Bio Gaya
 住专 注,2, 住专 注,Beauty Center (2),Clothing (2),Beauty Center
拽专  专 砖注,2,拽专  专 砖注,Beautycare Big (2),Clothing (1); Danielle (1),Beautycare Big
转 祝,1,转 祝,BuyTea Dizengoff (1),Going out and restaurants (1),BuyTea Dizengoff
专 驻,2,专 驻,Beer Point (2),Going out and restaurants (2),Beer Point
转   注,45,转   注,Beit Habaget (45),锔Groceries (45),Beit Habaget
转 ,1,转 ,Beit Hamalabi Acco (1),Birthdays (1),Beit Hamalabi Acco
转 驻 ,1,转 驻 - ,Beit Haful (1),Going out and restaurants (1),Beit Haful
转 驻 专住,1,转 驻 专住,Campus Food (1),Opher food (1),Campus Food
转 驻拽拽,1,转 驻拽拽,Pancake house (1),Birthdays (1),Pancake house
转  专专 注,6,转  专专 注,Bialik vet (6),Pets (6),Bialik vet
转 爪  砖 注 ,1,"转 爪 ""砖 注""",beit yatziv (1),Chugim (1),beit yatziv
转 爪  砖 注,1,转 爪  砖 注,beit yatziv (1),Chugim (1),beit yatziv
转 爪 注祝,3,转 爪 - 注祝,Maof (3),Chugim (2); School 2500 Dec (1),Maof
转 驻 专转,1,转 驻 专转,Bei Mafe (1),锔Groceries (1),Bei Mafe
转 专拽转 专 专注,1,转 专拽转 专-专注,Pharmacy Magar (1),Medical (1),Pharmacy Magar
转 专拽转  专 砖注,2,转 专拽转  专 砖注,Maccabi Pharm (2),Medical (2),Maccabi Pharm
转 拽,3,转 拽,Beit Kama (2); Gas (1),Gas (3),Yellow
转 拽yellow  驻,6,转 拽YELLOW / -驻,Yellow (4); Gas Food (2),Gas (4); 锔Groceries (2),Yellow
拽专 拽专 转,2,拽专 拽专 转,Bleeker Bakery Airport (1); Bleeker (1),Bulgaria July 2025 (1); University (1),Bleeker Bakery
拽专 拽专 拽专转 转,1,拽专 拽专 拽专转 转,Bleeker (1),锔Groceries (1),Bleeker Bakery
砖专 驻注 住祝 砖转  砖,1,411 砖专 驻注 住祝0849-砖转  砖 专住 住转 ,Transfer : Cash (1),,Transfer : Cash
  注转 砖转,6,  注转 砖转,David Anat Hygienist (5); Hygienist (1),Medical (6),Ben David Anat Hygienist
拽 专 砖注,1,拽 专 砖注,Benedict Beer Sheva (1),Going out and restaurants (1),Benedict Beer Sheva
 驻 转  ,2,"""驻 - 转 """,Airport Change (2),Bulgaria July 2025 (2),Airport Change
驻bit  注专,88,驻BIT -注专,Shira Yahav (42); Bit (14); Mark driving instructor (5),Chugim parents (43); Unexplained expenses (11); Pilates (5),Bit
拽 专 ,2,拽 专-,Isshin Aikido (2),Aikido (2),Bank Hadoar Credit
拽 驻注,21,拽 驻注,Isshin Aikido (18); Poalim (2); Kosher Kravi (1),Aikido (18); University (2); Chugim (1),Bank Hapoalim Credit
拽 专,1,拽 专,Isshin Aikido (1),Aikido (1),Bank Mizrahi Credit
注 住驻拽专 转 驻  ,3,注)住驻拽专 转 驻( - ,Hobi Lee (2); Hobee Lee (1),House and stuff (2); Birthdays (1),Hobi Lee
注专 拽7,2,注专 拽7,Minimarket 7 BaIr (2),锔Groceries (2),Minimarket 7 BaIr
注专 住祝 转拽注7,4,注专 - 住祝 转拽注7,Minimarket 7 BaIr (4),锔Groceries (4),Minimarket 7 BaIr
注专7,1,注专7,Kvutzat Hahim (1),锔Groceries (1),Minimarket 7 BaIr
注专7  专砖转,19,注专7 -专砖转,Minimarket 7 BaIr (14); Kvutzat Hahim (4); Rami Levi (1),锔Groceries (18); Aikido (1),Minimarket 7 BaIr
注  注   驻住,1,注(.注) - 驻住,Lee Office (1),Chugim (1),Lee Office
注  拽专 ,1,注(21) -拽专 ,Locker Ambin (1),Locker Danielle 160 August (1),Locker Ambin
注  驻 专,2,注(1989) -驻 - 专,Paz (2),Gas (2),Paz
注  专 ,1,注(2005) -专 ,Gas Food (1),Opher food (1),Gas Food
注 专 砖注   驻专,1,注(专 砖注 ) -驻专,Panoral (1),Medical (1),Panoral
注  转  住转 专,2,注( 转) -住转 专,Soltam (2),House and stuff (2),Soltam
注     ,1,注... - ,Golda Tel Aviv (1),Going out and restaurants (1),Golda Tel Aviv
注1  专 注专,1,注1 -专 注专,Adir (1),锔Groceries (1),Adir
注7  ,1,注7 -,Bowling (1),Birthdays (1),Bowling
注97  驻注 ,4,注97 -驻注 ,Allen car test (4),Mazda registration 1500 Dec (3); Hyundai registration 1500 May (1),Allen car test
注98  住,1,注98 -住,AS 98 Shoes (1),Clothing (1),AS 98 Shoes
专转,2,专转,Briuta (2),Medical (2),Briuta
专驻 转注 注转,3,专驻 转注 注转,Barefoot Natural Motion Tel Aviv (2); Barefoot lady comfort (1),Clothing (3),Barefoot Shoes
专砖拽  专 砖注,2,专砖拽  专 砖注,Bareshka (1); Bershka (1),Clothing (2),Bareshka Clothes
砖  专,1,砖) -专,Cramim (1),Birthdays (1),Cramim
砖ksp,1,砖KSP,KSP (1),House and stuff (1),KSP
砖专 专  注,1,砖专 专  注,Bashiri (1),House and stuff (1),Bashiri
转 拽注  转,2,转 拽注  转,Lev Movies (1); Movie Food (1),Going out and restaurants (2),Lev Movies
转 拽注 转专转 注,2,转 拽注 转专转 注,Yes Planet (1); Movies (1),Going out and restaurants (2),Yes Planet Movies
 驻  驻 注 爪专驻转转,1,'驻 '驻 注 爪专驻转转,Japan Japan Jerusalem (1),Going out and restaurants (1),Japan Japan Jerusalem
 ,1,',Jule (1),Clothing (1),Jule
  拽专住驻 专  ,2,' 拽专住驻 专  ,Jonny Crispy (2),Going out and restaurants (2),Jonny Crispy
  专,2,' 专,Gelato Variegato (2),Going out and restaurants (2),Gelato Variegato
  专 砖注,1,' 专 砖注,Jumbo (1),House and stuff (1),Jumbo
 拽 注,1,'拽 注,Jamoca (1),House and stuff (1),Jamoca
 住拽  砖专  转,1,'住拽  砖专  转,Jessica Israeli Kitchen (1),Birthdays (1),Jessica Israeli Kitchen
专转 专注 注,1,专转 专注 注,Gveret Ravia (1),Going out and restaurants (1),Gveret Ravia
 驻专 住 住 砖,1, 驻专 住 住 砖,Goodpharm (1),锔Groceries (1),Goodpharm
 拽 专转 拽注,3, 拽 | 专转 拽注,Golan telecom (3),Internet (3),Golan telecom
,1,,Goomba (1),Going out and restaurants (1),Goomba
 ,8, ,Goomba (6); Tulitul Bakery (1); Food machine (1),Going out and restaurants (7); 锔Groceries (1),Goomba
注,1,注,Gomaa Sde Boker (1),Summer 2024 8000 (1),Gomaa Sde Boker
专 驻爪,1,专 驻爪,Junior Pizza Jerusalem (1),Going out and restaurants (1),Junior Pizza Jerusalem
住 驻爪,1,住 驻爪,Gusta Pizza (1),Mikael (1),Gusta Pizza
住 砖拽 驻爪 注 ,2,"住 砖拽 驻爪 注""",Juicy (2),锔Groceries (2),Juicy
住 砖拽 驻爪 注,3,住 砖拽 驻爪 注,Juicy (3),锔Groceries (3),Juicy
 住 砖拽 注,2,'住 砖拽 注,Gidgis (2),Clothing (1); Pilates (1),Gidgis
 专,1, 专,Gidolei Roni Thai Food (1),Birthdays (1),Gidolei Roni Thai Food
,3,,Giza Bar (3),Going out and restaurants (3),Giza Bar
 住驻专住专 专 砖注,2, 住驻专住专 专 砖注,Gali (2),Clothing (2),Gali
转  爪拽 注,1,转  爪拽 注,Neve Tzedek Ice Cream Tel Aviv (1),Going out and restaurants (1),Neve Tzedek Ice Cream Tel Aviv
转 驻 专转 注 ,1,"转 驻 专转 注""",Galit Ortodent (1),Danielle Braces (1),Galit Ortodent
转 驻 专转 注,2,转 驻 专转 注,Galit Ortodent (2),Medical (1); Mikael teenager 20000 (1),Galit Ortodent
专 住,1,专 住,Galeria Sol (1),Pilates (1),Galeria Sol
 转 转 专砖,1, 转 转 专砖,Aquarium Jerusalem (1),Summer 2024 8000 (1),Aquarium Jerusalem
驻拽,1,驻拽,Japanika (1),Summer 2024 8000 (1),Japanika
专 驻 ,7,专 驻-,Grow (3); Grow Isshin Aikido (2); Isshin Aikido (1),Aikido (5); Pilates (2),Grow
专 拽专,1,专 拽专,Isshin Aikido (1),Aikido (1),Isshin Aikido
专 爪 专驻,2,专 爪 专驻,Dvir Parachutes (2),Birthdays (2),Dvir Parachutes
 ,8, ,Du Yoga (8),Chugim (8),Du Yoga
砖转,1,砖转,Duvshonit Jerusalem (1),Summer 2024 8000 (1),Duvshonit Jerusalem
  拽 祝,2,  拽 祝,David Levi Auto Parts (2),Auto Maintenance (2),David Levi Auto Parts
  砖,1,  砖,Gan Shmuel (1),Going out and restaurants (1),Gan Shmuel
专    驻,1,专    驻,Dor Alon (1),Gas (1),Dor Alon
专  ,1,专  ,Gas (1),Gas (1),Gas
专  注转 注,1,专  注转 注,Dor Alon (1),Gas (1),Dor Alon
专  专,3,专  专,Dor Alon (2); Dor Alon Dvira (1),Gas (3),Dor Alon
专  注专 注转拽 砖,2,专  注专 注转拽 砖,Dor Alon (1); Gas (1),Gas (2),Dor Alon
专  爪转 砖专,1,专  爪转 砖专,Dor Alon (1),Gas (1),Dor Alon
专   专,1,专   专,Dor Alon (1),Gas (1),Dor Alon
专   专,1,专   专,Dor Alon (1),Gas (1),Dor Alon
专  砖,1,专  砖,Dor Alon (1),Gas (1),Dor Alon
专  注 注专,4,专  注 注专,Dor Alon (4),Gas (4),Dor Alon
专  拽爪转 ,1,专  拽爪转 ,Dor Alon (1),Gas (1),Dor Alon
专  转专,1,专  转专,Dor Alon (1),Gas (1),Dor Alon
专 注住  专,1,专 注住 '专,Isshin Aikido (1),Aikido (1),Isshin Aikido
 专 拽专,45, 专 拽专,Supersal (42); Supersal Deal (3),锔Groceries (45),Supersal
驻 祝,1,驻 祝,Deponet Dizengoff Center (1),Pocket money (1),Deponet Dizengoff Center
拽 专,1,拽 专,Delek (1),Gas (1),Delek
拽 砖 专,1,拽 砖 专,Delek (1),Gas (1),Delek
拽 ,1,拽 ,Delek (1),Gas (1),Delek
拽  ,2,拽  ,Delek (2),Gas (2),Delek
拽  转 ,1,拽  转 ,Delek (1),Gas (1),Delek
拽  爪转 转,2,拽  爪转 转,Delek (2),Gas (2),Delek
拽  拽注转 专,4,拽  拽注转 专,Gas Food (2); Delek (1); Delek Mitzpeh Ramon (1),Gas (1); 锔Groceries (1); Going out and restaurants (1),Delek
拽 拽注转 驻砖 住驻专,5,拽 拽注转 驻砖 住驻专,Delek (4); Gas (1),Gas (5),Delek
转,9,转,Delta (9),Clothing (7); Birthdays (1); House and stuff (1),Delta
专 专  注,5,专 专  注,Demirol (5),House and stuff (5),Demirol
  专 砖注,8,  专 砖注,Dan Dil (5); Dan Deal (2); Supersal (1),House and stuff (6); 锔Groceries (1); Birthdays (1),Dan Dil
 驻砖,1, 驻砖,Isshin Aikido (1),Aikido (1),Isshin Aikido
拽 砖专 注,21,拽 砖专 注,Decathlon (17); Decathalon (3); Isshin Aikido (1),House and stuff (8); Clothing (6); Bulgaria July 2025 (4),Decathlon
专 专 注,6,专 专 注,Laura Maoz Dentist (6),Medical (6),Laura Maoz Dentist
专 注,3,专 注,Way of Noam (2); Noam Geva (1),Pilates (3),Way of Noam
 拽 住 住 ,1, 拽 住 住-,Isshin Aikido (1),Aikido (1),Isshin Aikido
,1,,HaAhim Tel Aviv (1),Going out and restaurants (1),HaAhim Tel Aviv
 砖专 砖,1, 砖专 砖,Chess (1),Chugim (1),Chess
砖 注,2,砖 注,HaIsh VeHaAgala Tzivon (2),Summer 2025 (2),HaIsh VeHaAgala Tzivon
 住专 注,1, 住专 注,Hani Center (1),House and stuff (1),Hani Center
拽 转 注,4,拽 转 注,Habutke First Train Jerusalem (4),Summer 2024 8000 (4),Habutke First Train Jerusalem
 专砖转,1, 专砖转,Hagalil Haroshet (1),Gas (1),Hagalil Haroshet
砖转,4,砖转,Hadaveshet (4),Going out and restaurants (2); Birthdays (2),Hadaveshet
 拽,4, 拽,Little India (4),Going out and restaurants (4),Little India
住 注,6,住 注,Hoodies (6),Clothing (6),Hoodies
专转 拽 转专转 驻,4,专转 拽 转专转 驻,Zeev Erlich (4),Aikido (4),Zeev Erlich
 砖 ,1, 砖 ,Food order (1),Going out and restaurants (1),Food order
住 砖  专 砖注,2,住 砖  专 砖注,Humus Shel HaTahina (2),Aikido (1); Opher food (1),Humus Shel HaTahina
祝 专拽 拽拽 ,6,祝 专拽 - 拽拽 ,Huquq Beach (6),Vacation 2024 4000 (6),Huquq Beach
专 爪 yixin wan,1,专 爪 YIXIN WAN,Yixin Wan (1),University (1),Yixin Wan
专 驻专,4,专 驻专,Interest (2); Tax refund (2),Ready to Assign (2); Investment income and expenses (2),Interest
爪 驻专,2,爪'驻专,Hatsporya Jerusalem (1); Hahatzporia Jerusalem (1),Summer 2024 8000 (2),Hatsporya Jerusalem
专拽 爪驻 专,1,专拽 爪驻 专,The Turk Mitzpe Ramon (1),Going out and restaurants (1),The Turk Mitzpe Ramon
 拽拽,2, 拽拽,Hey cookie (2),Going out and restaurants (1); 锔Groceries (1),Hey cookie
驻专  砖,3,驻专  砖,Hyper Toys (3),Gifts (2); Birthdays (1),Hyper Toys
专拽,8,专拽,Felafel Hayarok (8),Going out and restaurants (8),Felafel Hayarok
专拽 砖,1,专拽 砖,Felafel Hayarok (1),Going out and restaurants (1),Felafel Hayarok
专拽 砖,60,专拽 砖,Vegetable Sheli (57); The yarkanya (2); Beit Hapaham (1),锔Groceries (60),Vegetable Sheli
 驻 ,1, 驻 ,Hakol laofeh (1),Birthdays (1),Hakol laofeh
 砖 拽住住,4, 砖-拽住住,Hakelev Bamoshav (4),Kelev Bamoshav 1500 August (3); Pets (1),Hakelev Bamoshav
驻 专拽转,4,驻 专拽转,Haknafe Haturki First train jerusalem (4),Summer 2024 8000 (4),Haknafe Haturki First train jerusalem
 砖 转专 转驻转,2, 砖 转专 - 转驻转,Halehem Shel Tomer (2),Opher food (1); 锔Groceries (1),Halehem Shel Tomer
拽专 砖  专 注,2,拽专 砖  专 注,Tarantino Jerusalem (1); Lickers Jerusalem (1),Summer 2024 8000 (2),Tarantino Jerusalem
专 砖专 拽专,2,专 砖专 拽专,Hamador fighting fitness (1); Kosher Kravi (1),Mikael teenager 20000 (1); Chugim (1),Hamador fighting fitness
住   砖 专转 拽注,5,住   - 砖 | 专转 拽注,Bituach Leumi (5),Pilates (5),Bituach Leumi
住   拽 ,1,住   拽 ,Bituach Leumi (1),Unplanned extra expense (1),Bituach Leumi
 砖专,4, 砖专,Hamiznon Sarona (4),Going out and restaurants (4),Hamiznon Sarona
转 砖 专 ,1,转 砖 专 ,Makolet (1),锔Groceries (1),Makolet
  驻,1,  驻,Wingate College (1),Pilates (1),Wingate College
拽住拽 专住转  ,2,拽住拽 专住转  ,Mexicani (1); Campus Food (1),Going out and restaurants (1); Opher food (1),Mexicani
专   驻,1,专 -'驻,Hamerkaz Loman (1),House and stuff (1),Hamerkaz Loman
专  住专,1,专  住专,Cyber Education Center (1),Chugim (1),Cyber Education Center
转住住 注 ,2,转住住 注'',Hamatsesah (2),House and stuff (1); Going out and restaurants (1),Hamatsesah
砖yellow  驻,14,砖YELLOW / -驻,Yellow (9); Gas Food (3); Gas (1),Gas (11); 锔Groceries (3),Yellow
住专yellow  驻,1,住专YELLOW -驻,Gas Food (1),锔Groceries (1),Gas Food
注专拽,1,注专拽,HaIraqi (1),Going out and restaurants (1),HaIraqi
注转 ,1,注转 ,Loan Pilates (1),Pilates (1),Loan Pilates
驻注  驻转 砖 住,1,17 驻注( -驻转 砖 住,Hapita Shel Yossi (1),Going out and restaurants (1),Hapita Shel Yossi
驻 砖 砖专,1,驻 砖 砖专,Hapina Shel Israel (1),Opher food (1),Hapina Shel Israel
驻 砖 ,1,驻 砖 ,Libby (1),Going out and restaurants (1),Libby
驻拽住  专转 拽注,2,驻拽住  | 专转 拽注,Phoenix travel insurance (2),Bulgaria July 2025 (2),Phoenix travel insurance
驻拽住   ,5,驻拽住  -,Transfer : Planned Liya (3); Transfer : Unplanned Opher (2),,Phoenix investment funds
驻拽   ,7,驻拽'  .,Transfer : Cash (7),,Transfer : Cash
驻拽,1,驻拽,Mikael (1),Mikael (1),Mikael
驻拽转 拽驻 ,72,驻拽转 拽驻-,Transfer : Unplanned Opher (24); Transfer : Planned Liya (24); Excellence (23),Pilates (23); University (1),Phoenix investment funds
驻拽转 砖拽,3,驻拽转 砖拽,Mekif A (1); Hava (1); Maof teaching (1),Unplanned extra expense (1); Danielle (1); Aikido (1),Check deposit
爪专祝,1,爪专祝,Hatzrif (1),Going out and restaurants (1),Hatzrif
专  专转 专转 拽注,5,专- 专转 | 专转 拽注,Harel health insurance (3); Harel life insurance (1); Harel insurance (1),Insurance! (4); Aikido (1),Harel health insurance
专  ,2,专  ,Harel Aikido (1); Harel insurance (1),Aikido (2),Harel insurance
专爪 驻拽住 ,1,专爪 驻拽住 ,Herzog Fox Neeman (1),Investment income and expenses (1),Herzog Fox Neeman
砖转 砖 转专,6,砖转 砖 转专,Hashtil moshav tidhar (6),House and stuff (6),Hashtil moshav tidhar
转 砖 转 专,3,转 砖 转 - 专,Tavlinim Shel Ayelet (3),锔Groceries (3),Tavlinim Shel Ayelet
转注 转 转,1,转注 转 转,Merhav Horim (1),Pilates (1),Merhav Horim
 注转专 注,1, 注转专 注,Wadi Atir (1),锔Groceries (1),Wadi Atir
 住驻 ,4, 住驻 ,One stop mobile (4),House and stuff (4),One stop mobile
专驻专,2,专驻专,Waterpuur (2),Waterpuur 400 August (2),Waterpuur
拽,1,拽,Welcome Parquet (1),House 2024 4000 (1),Welcome Parquet
 专砖,1, 专砖,Vanilia Ice Cream Jerusalem (1),Summer 2024 8000 (1),Vanilia Ice Cream Jerusalem
 拽驻,1, 拽驻,Vitamin Cafe Jerusalem (1),Opher food (1),Vitamin Cafe Jerusalem
 砖专,1, 砖专,Bank transfer (1),Unexplained expenses (1),Bank transfer
 专拽,4,' 专拽,Village market (4),锔Groceries (4),Village market
 拽驻,2, 拽驻,Wyland Cafe (2),Going out and restaurants (2),Wyland Cafe
拽专 爪,1,拽专 爪,Victory Tzemach (1),Summer 2025 (1),Victory Tzemach
拽专住 住拽专 砖专,1,拽专住 住拽专 砖专,Victorias Secret (1),Birthdays (1),Victorias Secret
专,1,专,Vardinon (1),Birthdays (1),Vardinon
专  驻,1,专  驻,Vardinon (1),Birthdays (1),Vardinon
   专,1, . -专,Waldman Jerusalem (1),Summer 2024 8000 (1),Waldman Jerusalem
驻  拽 ,1,驻  拽 ,Zappa (1),Going out and restaurants (1),Zappa
专 专 砖,1,专 专 砖,Zahra (1),Clothing (1),Zahra
 住专,1,-住专,Zoostore (1),Pets (1),Zoostore
 驻注 ,2, 驻注 ,Zol Peami (2),锔Groceries (2),Zol Peami
 驻注 专 ,2, 驻注 专 ,Rami Levy (2),锔Groceries (2),Rami Levy
 专注,1, 专注,Zygo Events (1),Unexplained expenses (1),Zygo Events
 拽,2, 拽,Isshin Aikido (2),Aikido (2),Isshin Aikido
 砖专爪,1, 砖专爪,Schwartzman Dairy (1),Summer 2025 (1),Schwartzman Dairy
专 转转 拽 注,4,专 转转 拽 注,Gas Food (3); Yellow (1),锔Groceries (3); Gas (1),Gas Food
专转 专 砖专  砖,1,专转 专 砖专- 砖,Postal Service (1),House and stuff (1),Postal Service
专转 砖 砖专 注  专转,3,"专转 砖 砖专 注"" | 专转 拽注",Electricity (2); Electric bill (1),Electric (3),Electricity
转 专,1,转 专,Hagit Rozen (1),Unplanned extra expense (1),Hagit Rozen
 拽专,7, 拽专,Hava Kallir (6); Hava (1),Loans and transfers (6); Danielle (1),Hava Kallir
转 驻拽转,3,转 驻拽转,Alpaca Farm (3),Going out and restaurants (3),Alpaca Farm
转 拽专,3,转 拽专,Kornmel (3),Going out and restaurants (2); Summer 2024 8000 (1),Kornmel
转 专,2,转 专,Havat Rimon Food (1); Havat Rimon (1),Going out and restaurants (1); 锔Groceries (1),Havat Rimon
住 ,9,住 ,Humus Eliyahu (9),锔Groceries (9),Humus Eliyahu
住 驻 驻专拽 住驻专,2,住 驻 驻专拽 住驻专,Humus Park Hosfrim (2),Opher food (2),Humus Park Hosfrim
拽拽 驻砖 住注,1,拽拽 驻砖 住注,Huquq Beach (1),Vacation 2024 4000 (1),Huquq Beach
 注专 专 砖注,1, 注专 专 砖注,Hamama (1),House and stuff (1),Hamama
住,1,住,Hamsa Jerusalem (1),Summer 2024 8000 (1),Hamsa Jerusalem
 注专,3, 注专,Isshin Aikido (3),Aikido (3),Isshin Aikido
 爪,1, 爪,Bezalel Parking Tel Aviv (1),Transportation (1),Bezalel Parking Tel Aviv
 注 住专 注,1, 注 住专 注,Parking Tel Aviv (1),Transportation (1),Parking Tel Aviv
  ,1,  ,Parking (1),Transportation (1),Parking
  转 ,1,  - 转 ,Parking Tel Aviv (1),Transportation (1),Parking Tel Aviv
砖转 专拽,1,砖转 专拽,Heshbonit Yeruka (1),Aikido (1),Heshbonit Yeruka
 ,6, ,Tayo (6),锔Groceries (6),Tayo
  砖 驻,18,  砖 驻,Tayo (18),锔Groceries (18),Tayo
 拽专 注,1, 拽专 注,Tati Condituria Essen (1),University (1),Tati Condituria Essen
 住注,1, 住注,Tavla Restaurant (1),Going out and restaurants (1),Tavla Restaurant
注 专,7,注 专,Teva Bari (7),锔Groceries (7),Teva Bari
注 转  砖,1,注 转  砖,Teva Naot (1),Clothing (1),Teva Naot
注 注专 注专,1,注 注专 注专,Teva Ivri (1),锔Groceries (1),Teva Ivri
,2,,Togo (2),Clothing (2),Togo
住   注 ,1,"住 . 注""",Tootsi Yodfat (1),锔Groceries (1),Tootsi Yodfat
 转 驻 拽驻,10, 转 驻 拽驻,Tulitul Bakery (7); Goomba (1); Food machine (1),Going out and restaurants (8); 锔Groceries (1); Opher food (1),Tulitul Bakery
 注 专砖转转 专 砖注 ,46, 注 专砖转转 专 砖注 ,Tiv Taam (46),锔Groceries (43); Bat Mitzvah 17000 (2); Mikael (1),Tiv Taam
 注 专砖转转 专,2, 注 专砖转转 专,Tiv Taam Karmiel (2),Summer 2025 (2),Tiv Taam Karmiel
 注 专砖转转 专转,1, 注 专砖转转 专转,Tiv Taam (1),锔Groceries (1),Tiv Taam
,1,,Tinto (1),Going out and restaurants (1),Tinto
拽住专 砖专 专住,1,拽住专 砖专 专住,Ticketmaster (1),Going out and restaurants (1),Ticketmaster
 驻专抓 1n 专拽3i,5, 驻专抓(( 1N 专拽3I,Mini market (2); Market (1); Tal Peretz Market Jerusalem (1),锔Groceries (2); Summer 2024 8000 (2); Opher food (1),Tal Perretz Market Jerusalem
住 爪专 爪专,2,住 爪专 爪专,Museum food (2),Going out and restaurants (2),Museum food
 注拽 砖专,1, 注拽 砖专,Ten (1),Gas (1),Ten
 专砖 注 专,2," 专砖 注""专",Tena Yerushalmi (2),School 2500 Dec (2),Tena Yerushalmi
注 ,3,注',Taamle (3),Going out and restaurants (3),Taamle
专拽 砖 ,1,专拽 砖 ,Track Bamoshava Alona (1),Going out and restaurants (1),Track Bamoshava Alona
专,4,专,Tarantino Jerusalem (3); Lickers Jerusalem (1),Summer 2024 8000 (4),Tarantino Jerusalem
 砖拽注转    爪,2, 砖拽注转 .. -爪'驻专 专拽 ,minimarket Naor (1); Cheaper market (1),Aikido (1); 锔Groceries (1),Cheaper market
专 砖专  砖专 专,1,专 砖专  砖专 专,Parking Tel Aviv (1),Transportation (1),Parking Tel Aviv
 拽,17, 拽,Isshin Aikido (17),Aikido (17),Isshin Aikido
转 砖,2,转 砖,Isshin Aikido (2),Aikido (2),Isshin Aikido
 砖专,1, 砖专,Bake sale (1),Pocket money (1),Bake sale
祝 专 砖注,1,祝 专 砖注,Yuhnaninov (1),锔Groceries (1),Yuhnaninov
住 专 砖注,1,住 专 砖注,Humongous (1),Going out and restaurants (1),Humongous
转 驻专,3,转 驻专,Mazal Shuker (1); Shean Shirakava (1); Yonit Friedman (1),Loans and transfers (2); Mikael (1),Yonit Friedman
住祝  ,1,住祝  ,Yosef Cohen Hizdi Jerusalem (1),Summer 2024 8000 (1),Yosef Cohen Hizdi Jerusalem
转 转  住注专 ,1,转.转. -住注专 ,Saar Ashdod (1),House and stuff (1),Saar Ashdod
 yellow  驻,1,/YELLOW -驻,Paz (1),Vacation 2024 4000 (1),Paz
拽   ,1,拽  -,YMCA Jerusalem (1),Going out and restaurants (1),YMCA Jerusalem
 砖专 转 注,1, 砖专 转 注,Yanai (1),House and stuff (1),Yanai
住 驻 砖 ,2,住 驻 砖- ,Yes Planet (2),Going out and restaurants (2),Yes Planet
注专 拽拽,1,注专 拽拽,Cacao forest (1),Summer 2024 8000 (1),Cacao forest
注专 拽拽 注,1,注专 拽拽 注,Cacao forest (1),Birthdays (1),Cacao forest
专拽转 砖专,1,专拽转 砖专,Yerakot Hagesher (1),Summer 2024 8000 (1),Yerakot Hagesher
砖 专转 拽注,4,砖 6 | 专转 拽注,Kvish 6 (4),Transportation (4),Kvish 6
砖 爪 爪驻 注  专转,1,"砖 6 爪 爪驻 注"" | 专转 拽注",Kvish 6 (1),Transportation (1),Kvish 6
 住专 注,8, 住专 注,Super kolel (7); Market (1),锔Groceries (8),Super kolel
 爪专 注转  专转 拽注,3,- 爪专/注转/ | 专转 拽注,Kivunim (3),Chugim (3),Kivunim
  祝,2,  祝,Aluf Kulbo (1); Kol bo allof (1),锔Groceries (2),Aluf Kol Bo
   ,1,   ,Kolbo Zol Binyamin (1),锔Groceries (1),Kolbo Zol Binyamin
  专 住祝  ,1,  专 住祝 / - 砖专,Grocery Tal Shahar (1),Opher food (1),Grocery Tal Shahar
 专,2, 专,Kol bo Yiron (2),Summer 2025 (2),Kol bo Yiron
  驻,1,  驻,Klal car insurance (1),Hyundai insurance 15000 April (1),Klal car insurance
  ,3,  ,Klal car insurance (3),Hyundai insurance 15000 April (1); Mikael teenager 20000 (1); Mazda insurance 5800 Dec (1),Klal car insurance
 专 专 注住拽 专转 拽注,9, 专/专/注住拽 | 专转 拽注,Klal insurance (7); Klal car insurance (2),Insurance! (7); Mazda insurance 5800 Dec (2),Klal insurance
转 专  专 砖注,3,转 专  专 砖注,Clalit (3),Medical (3),Clalit
转 砖 专 砖注,2,转 砖 专 砖注,Clalit Mashlima (1); Clalit (1),Medical (2),Clalit
转 专驻 砖 专 砖,1,转 专驻 砖 专 砖,Clalit (1),Medical (1),Clalit
驻 住,1,驻 住,Knafe Istanbul (1),Going out and restaurants (1),Knafe Istanbul
驻 专,1,驻 专,Knafe Bar Jerusalem (1),Opher food (1),Knafe Bar Jerusalem
驻 ,1,驻 ,Knafe gedera (1),Going out and restaurants (1),Knafe gedera
注 住专 注,1,注 住专 注,Knan Center (1),House and stuff (1),Knan Center
驻转 注,37,驻转 注,Campus Food (36); Beauty Center (1),Opher food (35); Clothing (1); 锔Groceries (1),Campus Food
驻专 专转 拽 专,1,驻专 专转 拽 专,Kfir Light Rail (1),Unexplained expenses (1),Kfir Light Rail
专住 砖专 ,1,专住 砖专-,Credit card (1),Unexplained expenses (1),Credit card
专转 ,1,专转 ,Isshin Aikido (1),Aikido (1),Isshin Aikido
专 住,1,专 住,Carmel Salmon (1),Birthdays (1),Carmel Salmon
 注    ,1, 注. -  ,Hotzot Hayotser Food Jerusalem (1),Summer 2024 8000 (1),Hotzot Hayotser Food Jerusalem
 ,44, ,Transfer : Opher X5898 (22); Transfer : Liya X7195 (22),,Leumi Visa
 砖转 ,23, 砖转-,Transfer : Mortgage (23),锔Rent/Mortgage (23),Transfer : Mortgage
 ,1, ,Lev Hanahala (1),Going out and restaurants (1),Lev Hanahala
  祝,1,' 祝,Legenda Dizengoff (1),Going out and restaurants (1),Legenda Dizengoff
 专 砖注,2, 专 砖注,Lagenda (1); Legende (1),Danielle (1); Going out and restaurants (1),Legende Dizengoff
 驻专,2, 驻专,La Farina (2),Going out and restaurants (1); Bulgaria July 2025 (1),La Farina
 专 砖注,4, 专 砖注,Machsenei Lahav (4),锔Groceries (4),Machsenei Lahav
住 转hdl,1,住 转HDL,Dafna Levinson (1),Clothing (1),Dafna Levinson
拽专  爪专 注,2,拽专) -爪专 注,Lockerim (2),Locker Danielle 160 August (1); Locker Ishai 160 August (1),Lockerim
  专 砖注,1,  专 砖注,Lahayal velateyal (1),House and stuff (1),Lahayal velateyal
  爪专转,1, -爪专转,Lahayal velateyal (1),House and stuff (1),Lahayal velateyal
 专拽 注,1, 专拽 注,Borkin Bread (1),锔Groceries (1),Borkin Bread
 砖转,1, 砖转,Beit Halehem (1),锔Groceries (1),Beit Halehem
 ,1, ,Warm Bread (1),Opher food (1),Warm Bread
 ,4, ,Lehem Hemed (3); Bookit attractions (1),锔Groceries (3); Going out and restaurants (1),Lehem Hemed
 驻住 注,1, 驻住 注,Lee Office (1),House and stuff (1),Lee Office
 住驻专 注 爪专转,9, 住驻专 注-爪专转,Leesefer (9),House and stuff (8); Dganya books 600 June (1),Leesefer
专 注住拽转 ,14,专 注住拽转 ,Libra Insurance (13); Library (1),Insurance! (13); Going out and restaurants (1),Libra Insurance
 拽驻专  驻,1, 拽驻专/ -驻,Barefoot lady comfort (1),Clothing (1),Barefoot lady comfort
  专 砖注,1, -  专 砖注,Laline (1),Gifts (1),Laline
 专 砖注 驻,6, 专 砖注 驻,Lametayel (6),Clothing (2); Bulgaria July 2025 (2); House and stuff (2),Lametayel
 砖 拽 ,1, 砖 拽 ,Lametayel (1),House and stuff (1),Lametayel
专 砖 驻住,1,专 砖 驻住,Landwer (1),Going out and restaurants (1),Landwer
专  住专,1,专  住专,Landwer (1),Going out and restaurants (1),Landwer
专 专砖 驻,1,专 专砖 驻,Landwer Rosh Pina (1),Summer 2025 (1),Landwer Rosh Pina
驻住 砖 专,1,驻住 砖 专,Lefties (1),Clothing (1),Lefties
 注  住 ,2, 注. -住 ,Tootsi Yodfat (2),House and stuff (1); 锔Groceries (1),Tootsi Yodfat
  注  ,40,  注. -,Golda (27); Golda Ice cream (13),Going out and restaurants (36); 锔Groceries (3); Bat Mitzvah 17000 (1),Golda
 转专 专 驻住 专转 拽注,3,.转专 专- 驻住 | 专转 拽注,Rav pas (3),Transportation (3),Rav pas
驻转 转转 拽 注转 注,4,驻转 转转 拽- 注转 注,Tahanet Hakemach Givat Ada (3); Flour mill bakery (1),锔Groceries (4),Tahanet Hakemach Givat Ada
驻转  ,4,驻转 ',Al Halal Bakery Magar (4),Vacation 2024 4000 (2); Summer 2024 8000 (2),Al Halal Bakery Magar
驻转 转 拽专转 砖,4,驻转 转 拽专转 砖,Gilat Bakery (2); Coffee (1); Maafiya (1),Opher food (3); 锔Groceries (1),Gilat Bakery
驻转 专砖 专转,1,驻转 专砖 专转,MAafiya harishonim (1),锔Groceries (1),MAafiya harishonim
驻转 专,1,驻转 专,Marayan Bakery (1),Going out and restaurants (1),Marayan Bakery
驻转 专 砖 专 砖注,15,驻转 专 砖 专 砖注,Oren Meshi Bakery (13); Train food (2),锔Groceries (12); Going out and restaurants (2); Summer 2025 (1),Oren Meshi Bakery
驻转  砖,1,驻转  砖,Maafiyat Halehem Tel Aviv (1),Going out and restaurants (1),Maafiyat Halehem Tel Aviv
驻转转 专 砖 专 砖注,32,驻转转 专 砖 专 砖注,Oren Meshi Bakery (32),锔Groceries (30); Opher food (1); Bat Mitzvah 17000 (1),Oren Meshi Bakery
转 专 砖注 yellow  驻,4,转 专 砖注/YELLOW -驻,Yellow (4),Gas (4),Yellow
 转专 拽专,1, 转专 拽专,Theory test (1),Mikael teenager 20000 (1),Theory test
   转转,1,   转转,City of David Jerusalem (1),Summer 2024 8000 (1),City of David Jerusalem
 注专 拽  砖,2, 注专 拽  砖,Carrefour (1); Mega (1),锔Groceries (2),Carrefour
 住驻专 专 砖注,1, 住驻专 专 砖注,Mega Sport (1),Clothing (1),Mega Sport
 驻 注,17, 驻 注,Megapet (17),Pets (17),Megapet
,3,,Magnolia (3),Clothing (2); Birthdays (1),Magnolia
 住 专 爪专转,1, 住 专-爪专转,Movi Cell (1),Danielle (1),Movi Cell
住 砖驻 专 砖注,1,住 砖驻 专 砖注,Moses (1),Going out and restaurants (1),Moses
 砖专 住砖,2, 砖专 - 住砖,Gas Food (2),锔Groceries (1); Opher food (1),Gas Food
拽 拽抓 住 爪专,1,拽 拽抓 住 爪专,Monica Studio Ceramics (1),House and stuff (1),Monica Studio Ceramics
住 砖专转 ,1,住 砖专转 ,Hyundai Beer Sheva Ben Ami (1),Auto Maintenance (1),Hyundai Beer Sheva Ben Ami
注 拽,1,注 拽,Linocln Billiards (1),Going out and restaurants (1),Linocln Billiards
爪 祝,1,爪' 祝,Mochi Dizengoff (1),Going out and restaurants (1),Mochi Dizengoff
爪专 注 拽专,1,爪专 注 (拽专),Shoeing Equipment (1),Clothing (1),Shoeing Equipment
专  拽拽专,1,专  拽拽专,Moran Gil Cakery (1),Going out and restaurants (1),Moran Gil Cakery
砖 驻转 拽转 注,3,砖 驻转 拽转 注,Bulbs yodfat (2); Yodfat (1),House and stuff (2); Gifts (1),Bulbs Yodfat
 砖拽专,3, 砖拽专,Mazal Shuker (1); Shean Shirakava (1); Yonit Friedman (1),Loans and transfers (2); Mikael (1),Mazal Shuker
 专,1, 专,Pool Food (1),Yaara (1),Pool Food
  驻专拽,1,  驻专拽,Luna Park (1),Going out and restaurants (1),Luna Park
 专 ,1, 专 ,Fast food yinge (1),Summer 2024 8000 (1),Fast food yinge
 ,1, ,Nani's coffee (1),Going out and restaurants (1),Nani's coffee
 专,1, 专,Midbarium (1),Going out and restaurants (1),Midbarium
住 砖拽 专,9,住 砖拽 专,Machsenei Hashuk (7); Mahhsaney Hashuk (2),锔Groceries (9),Machsenei Hashuk
住 砖拽 专 ,37,住 砖拽 专 ,Machsenei Hashuk (28); Mahhsaney Hashuk (9),锔Groceries (35); Loans and transfers (1); Bat Mitzvah 17000 (1),Machsenei Hashuk
住 砖拽 ,1,住 砖拽 ,Mahhsaney Hashuk (1),锔Groceries (1),Mahhsaney Hashuk
 砖驻转 专转 驻,1, 砖驻转 专转 驻,Protests (1),Gifts (1),Protests
 砖注 注 ,1," 砖注 注""",Mei Sheva (1),Water (1),Mei Sheva
 砖注 注,6, 砖注 注,Mei Sheva (6),Water (6),Mei Sheva
 拽专 专,2, 拽专 专,Hamatsesah (1); Maya Meirav (1),Gifts (1); Summer 2024 8000 (1),Maya Meirav
 住 注,1, 住 注,Mayan Noodles Jerusalem (1),Summer 2024 8000 (1),Mayan Noodles Jerusalem
 专拽 砖,1, 专拽 砖,Mini market (1),锔Groceries (1),Mini market
 砖  注,9, 砖 -  注,Mini Shani (9),锔Groceries (9),Mini Shani
专拽 专,3,专拽 专,minimarket Naor (3),锔Groceries (3),minimarket Naor
专拽 注专 砖专,3,专拽 注专 砖专,Minimarket Ezra Shiran (3),锔Groceries (2); Birthdays (1),Minimarket Ezra Shiran
专拽 砖专,1,专拽 砖专,Robert Carwash (1),Auto Maintenance (1),Robert Carwash
专拽 专,5,专拽 专,minimarket Naor (4); Campus Food (1),锔Groceries (3); Aikido (1); Opher food (1),minimarket Naor
专转 驻 专祝,1,专转 驻 专祝,Mitir Hoffman Lawyer (1),Investment income and expenses (1),Mitir Hoffman Lawyer
专转 住住 驻拽 拽专,1,专转 住住 驻拽 拽专,Optica Karni (1),Contacts Liya 4300 Apr (1),Optica Karni
 注 专 砖注,3, 注 专 砖注,Maccabi teva (3),Medical (3),Maccabi teva
 专 砖注 专 拽,2, 专 砖注 专 拽,Maccabident (2),Medical (2),Maccabident
转 砖驻注 专,1,转 砖驻注 专,Makolet Jerusalem (1),锔Groceries (1),Makolet Jerusalem
 专 注,1, 专 注,Machon Adar (1),Medical (1),Machon Adar
 注,1, 注,Mahon Noam (1),Chugim (1),Mahon Noam
转 ,1,转 ,Grocery Alhalah Sachnin (1),Aikido (1),Grocery Alhalah Sachnin
 转拽 专 砖注 注,1, 转拽 专 砖注 注,Melech Hamamtakim (1),锔Groceries (1),Melech Hamamtakim
 转拽 ,8, 转拽 ,Melech Hamamtakim (8),锔Groceries (8),Melech Hamamtakim
转 砖,1,转 砖,Queen Sheba bar (1),Going out and restaurants (1),Queen Sheba bar
转拽  ,1,转拽  ,Al Hatib Sweets Rajar (1),Summer 2025 (1),Al Hatib Sweets Rajar
转拽   注,1,转拽   注,Elizol (1),锔Groceries (1),Elizol
转拽 住专  注,1,转拽 住专  注,Yassar Madah Sweets (1),Going out and restaurants (1),Yassar Madah Sweets
住 住  ,1,住 住--,Tax refund (1),Aikido (1),Tax refund
住 住,7,住 住,Income tax (3); Bank leumi (2); Taxes (1),Unplanned extra expense (3); Bank Interest & Fees (2); Ready to Assign (1),Income tax
住 住 注爪 ,8,住 住 注爪-,Income tax (7); Taxes (1),Pilates (5); Unplanned extra expense (2); Investment income and expenses (1),Income tax
住,1,住,Mesibaba (1),Bat Mitzvah 17000 (1),Mesibaba
住 专,25,住 专,Bank leumi (23); Rav pas (1); Airport Parking (1),Bank Interest & Fees (23); Transportation (2),Bank leumi
住注转  专住,1,住注转  专住,Abu Cristo Acco (1),Birthdays (1),Abu Cristo Acco
住注转  ,1,住注转  ,Blue Line Restaurant Rajar (1),Summer 2025 (1),Blue Line Restaurant Rajar
注转 ,1,注转 ,Levi bakery Jerusalem (1),Summer 2024 8000 (1),Levi bakery Jerusalem
驻拽住 砖 ,5,驻拽住 砖-,Paybox (2); Dog walking (1); Maya (1),Danielle (2); Unexplained expenses (1); Gifts (1),Paybox
拽住  转 ,1,拽住  转 ,McDonald's (1),Going out and restaurants (1),McDonald's
拽住 注 ,1,拽住 注 ,McDonald's (1),Going out and restaurants (1),McDonald's
拽住  驻 ,3,拽住  驻-,Transfer : Opher x9922 (3),,Transfer : Opher x9922
拽住 转 专 砖注,7,拽住 转 专 砖注,Max Amot (6); Max Stoke (1),House and stuff (6); Birthdays (1),Max Amot
拽住 专 注,1,拽住 专 注,Max Carmiel (1),House and stuff (1),Max Carmiel
拽住 砖专 专  注,1,拽住 砖专 专  注,Shwarma (1),Going out and restaurants (1),Shwarma
拽住 专,3,拽住 专,Parkour (2); Maxim Parkour (1),Chugim (2); Summer 2025 (1),Parkour
专   住拽,1,专   住拽,Marom Musical Instruments (1),House and stuff (1),Marom Musical Instruments
专  ,4,专  ,Airport Parking (3); Bank leumi (1),Transportation (2); Greece 2025 (1); Bank Interest & Fees (1),Airport Parking
专 专爪 转 注专,1,专 专爪 转 注专,National center for testing (1),Chugim (1),National center for testing
专  砖golf co,1,专  砖GOLF CO,Golf (1),Clothing (1),Golf
专 砖,12,专 砖,Merkaz Hahalbasha (9); Subject (2); Present (1),Clothing (9); University (2); Gifts (1),Merkaz Hahalbasha
专 922 砖 注 拽 ,1,专 922 砖 注 拽  砖 爪注转 拽 砖专  住祝,Transfer : Cash (1),,Transfer : Cash
专 住驻专 驻砖,3,专 住驻专 驻砖,Sports Center (2); Merkaz Hasport (1),Summer 2025 (3),Merkaz Hasport
专 住驻专 驻砖 ,1,专 住驻专 驻砖 ,Merkaz Hasport (1),Summer 2024 8000 (1),Merkaz Hasport
专 住 ,1,专 住 ,Suzan Dalal (1),Going out and restaurants (1),Suzan Dalal
专 注住拽 607 砖专  住祝,1,专 注住拽 607 砖专  住祝7195- 砖转  砖 专住 住转 ,Euro (1),Greece 2025 (1),Euro
专 专 ,6,专 专 ,Musach Yaav (6),Auto Maintenance (6),Musach Yaav
专 专 ,1,专 专 ,Musach Yaav (1),Auto Maintenance (1),Musach Yaav
专注 拽专,1,专注 拽专,Isshin Aikido (1),Aikido (1),Isshin Aikido
砖 拽专 注,1,砖 - 拽专 注,Train food (1),锔Groceries (1),Train food
砖 转  ,1,砖 转  ,Burger Saloon (1),Summer 2024 8000 (1),Burger Saloon
砖拽 驻 注转 注,7,砖拽 驻 注转 注,Meshek Fine Givat Ada (7),锔Groceries (7),Meshek Fine Givat Ada
砖拽转 注   ,1,砖拽转 注.. -,Mishkaot (1),Mikael (1),Mishkaot
砖专 爪专 祝 住 注,2,砖专 爪专 祝 住 注,Import tax (1); Taxes (1),Clothing (1); House and stuff (1),Import tax
砖专 转专 专  ,1,砖专 转专 专  ,Misrad Hatahbura (1),Mikael teenager 20000 (1),Misrad Hatahbura
砖专 转专 专砖转 专,1,砖专 转专 - 专砖转 专,Misrad Hatahbura (1),Mazda registration 1500 Dec (1),Misrad Hatahbura
砖专 转专 专砖 ,1,砖专 转专 专砖 ,Misrad Hatahbura (1),Mikael teenager 20000 (1),Misrad Hatahbura
砖转转 专,4,砖转转 专,Kaduri farms (4),House and stuff (4),Kaduri farms
砖转转 专砖 注,1,砖转转 专砖 注,Milstein Mishtala (1),House and stuff (1),Milstein Mishtala
 转 拽驻,2, 转 拽驻,Nadi Coffehouse Jeursalem (2),Going out and restaurants (2),Nadi Coffehouse Jeursalem
转 专 yellow  驻,2,转 专/YELLOW -驻,Yellow (2),Gas (2),Yellow
拽住 砖专 转 ,1,拽住 砖专 转 ,Food machine (1),锔Groceries (1),Food machine
 住驻住拽,1, 住驻住拽,Danielle (1),Danielle (1),Danielle
 砖拽 拽住驻专住 ,1, 砖拽 拽住驻专住 ,Nutella (1),Going out and restaurants (1),Nutella
 祝 注,2, 祝 注,Nula Dizengoff (1); Tiv Taam (1),Going out and restaurants (1); 锔Groceries (1),Nula Dizengoff
 驻专,1, 驻专,Nivi Pharm (1),Medical (1),Nivi Pharm
 爪专 转 注,2, 爪专 转 注,Nyga Service (2),Unplanned extra expense (2),Nyga Service
爪转  专 砖注,8,爪转  专 砖注,Nitzat Haduvdevan (7); Nizat Haduvdevan (1),锔Groceries (8),Nitzat Haduvdevan
爪转   专 砖注,17,爪转   专 砖注,Nitzat Haduvdevan (17),锔Groceries (16); Bat Mitzvah 17000 (1),Nitzat Haduvdevan
注,2,注,Naaman (2),House and stuff (2),Naaman
住   注,60,住   注,Dabbah (47); Dabah (13),锔Groceries (58); Mikael (1); Gifts (1),Dabbah
住拽 专 砖注,2,住拽-专 砖注,Saucony (2),Clothing (1); House and stuff (1),Saucony
住 住砖拽抓,1,住 住砖拽抓,Svetlana Sushkovitz (1),Pilates (1),Svetlana Sushkovitz
住 砖专住拽,2,住 砖专住拽,Sabih Tshernichovsky Tel Aviv (1); Elo Deals Mizrahi (1),Going out and restaurants (1); House and stuff (1),Sabih Tshernichovsky Tel Aviv
住转 拽住拽住 注转拽 注,1,住转 拽住拽住 注转拽 注,Solet (1),Going out and restaurants (1),Solet
住转 专 专 砖注 爪专转,1,住转 专 - 专 砖注-爪专转,Soltam (1),House and stuff (1),Soltam
住转 专 爪专转,1,住转 专-爪专转,Soltam (1),House and stuff (1),Soltam
住  专,1,住  专,Sonol (1),Gas (1),Sonol
住 驻砖 注,1,住 驻砖 注,Sonol (1),Gas (1),Sonol
住 注专,1,住 注专,Sonol (1),Gas (1),Sonol
住驻 拽拽,2,住驻 拽拽,Soft cookies Jerualem (1); Puzzle outlet Jerusalem (1),Summer 2024 8000 (2),Soft Cookies Jerusalem
住驻 注,3,住驻 注,Softit Cell phones (3),Unplanned extra expense (2); Phone Opher (1),Softit Cell phones
住驻 驻,4,住驻 驻,Isshin Aikido (4),Aikido (4),Isshin Aikido
住驻专 转  专,3,住驻专 转 - 专,Gas Food (3),锔Groceries (3),Gas Food
住驻专 转 专 专 砖,1,住驻专 转 专 专 砖,Gas Food (1),锔Groceries (1),Gas Food
住驻专 转 爪 砖专 ,4,住驻专 转 爪 砖专 ,Gas Food (3); Alonit (1),锔Groceries (3); Vacation 2024 4000 (1),Gas Food
住驻专 砖专 ,1,住驻专 砖专 ,Super Haziv (1),锔Groceries (1),Super Haziv
住驻专 ,1,住驻专 ,Super leon (1),锔Groceries (1),Super leon
住驻专 专注,1,住驻专 专注,Super mezra (1),锔Groceries (1),Super mezra
住驻专 ,2,住驻专 ,Super Mamila Jerusalem (2),Summer 2024 8000 (2),Super Mamila Jerusalem
住驻专 专拽 专 ,1,住驻专 专拽 专 ,Market Magar (1),Vacation 2024 4000 (1),Market Magar
住驻专 驻专   砖,1,"住驻专 驻专  ""砖",Superpharm (1),House and stuff (1),Superpharm
住驻专 驻专  砖,9,住驻专 驻专  砖,Superpharm (9),House and stuff (8); Medical (1),Superpharm
住驻专 驻专 专,1,住驻专 驻专 专,Superpharm (1),House and stuff (1),Superpharm
住驻专 驻专 专 专 砖注,1,住驻专 驻专 专 专 砖注,Superpharm (1),House and stuff (1),Superpharm
住驻专 驻专 砖驻专 驻 专,1,住驻专 驻专 砖驻专 驻 专,Superpharm (1),House and stuff (1),Superpharm
住驻专 驻专 爪 专 砖注,16,住驻专 驻专 爪 专 砖注,Superpharm (16),House and stuff (15); Medical (1),Superpharm
住驻专 驻专 爪 砖,5,住驻专 驻专 爪 砖,Superpharm (5),House and stuff (3); Medical (2),Superpharm
住驻专 驻专 砖专专,23,住驻专 驻专 砖专专,Superpharm (23),House and stuff (21); Medical (1); Birthdays (1),Superpharm
住驻专 驻爪,1,住驻专 驻爪,Super pizza Tel Aviv (1),Going out and restaurants (1),Super pizza Tel Aviv
住驻专 驻住,1,住驻专 驻住,Super plus (1),锔Groceries (1),Super plus
住驻专 拽驻拽住,3,住驻专 拽驻拽住,Super kofix (3),锔Groceries (3),Super kofix
住驻专 砖专,1,住驻专 砖专,Super Sarona Tel Aviv (1),Going out and restaurants (1),Super Sarona Tel Aviv
住 专 砖注,1,住 专 砖注,Sachut (1),Going out and restaurants (1),Sachut
住 砖,4,住 砖,Studio Lebishul (3); Cooking studio (1),House and stuff (2); Birthdays (1); Danielle (1),Studio Lebishul
住驻专,2,住驻专,Aroma (1); Stopper Locks (1),Going out and restaurants (1); Unplanned extra expense (1),Stopper Locks
住爪拽 转 砖,2,住爪拽 转 砖,Steimatzky (2),House and stuff (1); Gifts (1),Steimatzky
住爪拽  驻专 住驻专,2,住爪拽- 驻专 住驻专,Duty free (1); Duty free books (1),Bulgaria July 2025 (2),Duty Free books
住 拽驻 注 专,1,住 拽驻 注 专,Si Cafe (1),锔Groceries (1),Si Cafe
住 拽驻 注 注专,1,住 拽驻 注 注专,Si Cafe (1),锔Groceries (1),Si Cafe
住 专拽  专 专 砖注,1,住 专拽  专 专 砖注,Market (1),锔Groceries (1),Market
住 注 爪专转,1,住 注-爪专转,Citigo bikes (1),House and stuff (1),Citigo bikes
住拽 驻专,2,住拽 驻专,Transfer : Unplanned Opher (1); Loan Pilates (1),Pilates (1),Late payment removal
住驻专 砖 注  ,1,住驻专 砖 注 -  ,Sipur shel taamaim (1),锔Groceries (1),Sipur shel taamaim
住驻专 砖 砖爪,1,住驻专 砖 砖爪,Sipuro shel shnitzel (1),Opher food (1),Sipuro shel shnitzel
住    ,3,住   -  ,Dabah Magdala (2); Dabah (1),Summer 2025 (1); Vacation 2024 4000 (1); Summer 2024 8000 (1),Dabbah
住注 专 转 专转 拽注,5,住注 专 -转 | 专转 拽注,Clalit (3); Harel insurance (2),Medical (5),Harel insurance
住驻 拽,1,住驻 拽,Speedog (1),Pets (1),Speedog
住驻 专,5,住驻 专,Speedog (5),Pets (5),Speedog
住驻 专 ,3,住驻 专 ,Speedog (3),Pets (3),Speedog
住驻专 驻 祝 注 ,1,"住驻专 驻 祝 注""",Spirulina Full Life (1),锔Groceries (1),Spirulina Full Life
住驻住 转 ,1,住驻住 转 ,Coffe shop Tel Aviv (1),Going out and restaurants (1),Coffe shop Tel Aviv
住驻专 专住 注 住,1,住驻专 专住 注 - 住,Gas (1),Gas (1),Gas
住驻专 专住 注 砖注,2,住驻专 专住 注 - 砖注,Gas Food (1); Sprint Motors Gas (1),锔Groceries (1); Gas (1),Gas
住拽专  砖 砖,2,住拽专  砖 砖,Sakura (1); Sakara (1),Going out and restaurants (1); Clothing (1),Sakura
注专转 转 住驻专,2,注专转 转 住驻专,E-vrit (2),House and stuff (2),E-vrit
注 拽专,2,注 拽专,Hamatsesah (2),Gifts (2),Hamatsesah
注专 专,1,注专 专,Danielle (1),Danielle (1),Danielle
注驻专 ,20,注驻专 ,Transfer : Pilates Leumi (16); Transfer : Investments (4),Pilates (16); Investment income and expenses (4),Transfer : Pilates Leumi
注专 转73  驻,1,注专 转73 -驻,Japan 73 Tel Aviv (1),Going out and restaurants (1),Japan 73 Tel Aviv
注爪 砖注专 砖专,15,注爪 砖注专 砖专,Haircut (8); Hair styling israel (4); Israel et Lola (2),Clothing (15),Hair styling Israel
注专转 专 砖注,4,注专转 专 砖注,Beer Sheva City (2); Mekf A (1); Iriyat Beer Sheva (1),Unplanned extra expense (2); Mekif A 2000 July (1); Insurance! (1),Beer Sheva Municipality
注专转 专 砖注 专专,1,注专转 专 砖注 - 专专,Beer Sheva Vet (1),Pets (1),Beer Sheva Vet
注 专,2,注 专,Al Hanahar (2),Summer 2025 (2),Al Hanahar
注转转 专抓注专,6,注转转 专抓注专,Eretz Ir (6),Chugim (6),Eretz Ir
注转转 专 专,1,注转转 专 专,Amutat Derekh Haraglayim (1),Chugim (1),Amutat Derekh Haraglayim
注转转  住专转,1,注转转  住专转,Chug Sayarut (1),Chugim (1),Chug Sayarut
注转转  住专转 砖 拽拽,5,注转转  住专转 砖 拽拽,Chug Sayarut (5),Chugim (5),Chug Sayarut
注转转 驻住 转 ,8,注转转 驻住 转 ,Climbing wall food (4); Climbing wall (4),Chugim (3); Going out and restaurants (2); 锔Groceries (2),Climbing wall
注转转 驻住 转 ,1,注转转 驻住 转 ,Climbing wall (1),Chugim (1),Climbing wall
注拽 砖专 yellow  驻,1,注拽 砖专/YELLOW -驻,Yellow (1),Gas (1),Yellow
注专  ,5,注专( -,Elgo watering (3); Algo Hashkaya (2),House and stuff (5),Elgo watering
注专抓 砖 注,1,51 注专抓 砖.注,Bank leumi (1),Bank Interest & Fees (1),Bank leumi
注专 专,1,注专 专,Isshin Aikido (1),Aikido (1),Isshin Aikido
驻 专,1,驻 专,Puzzleland (1),House and stuff (1),Puzzleland
驻驻  住,2,驻驻 '住,Papa Johns (2),Going out and restaurants (2),Papa Johns
驻   专,1,驻   专,Pamia Durze Food Harish (1),Going out and restaurants (1),Pamia Durze Food Harish
驻拽 注 专,1,驻拽 注 专,Pundak Ein Karem Jerusalem (1),Summer 2024 8000 (1),Pundak Ein Karem Jerusalem
驻拽住  专 砖注,10,驻拽住  专 砖注,Fox (10),Clothing (10),Fox
驻拽住   专 砖注,1,驻拽住   专 砖注,Fox Home (1),Loans and transfers (1),Fox Home
驻拽住  转 ,1,驻拽住  转 ,Fox (1),Clothing (1),Fox
驻专 住专,2,驻专 住专,Fordadog store (2),Pets (2),Fordadog store
驻 yellow 爪 专 砖注,1,驻 YELLOW 爪 专 砖注,Yellow (1),锔Groceries (1),Yellow
驻 yellow  专 专 砖注,10,驻/ YELLOW -专 专 砖注,Yellow (9); Gas (1),Gas (10),Yellow
驻 拽注 砖,1,驻 拽注 砖,Paz (1),Vacation 2024 4000 (1),Paz
驻 爪驻 专,2,驻 爪驻 专,Paz Mitzpe Ramon (2),Danielle (1); Summer 2024 8000 (1),Paz Mitzpe Ramon
驻专,1,驻专,Petra Ashdod (1),Going out and restaurants (1),Petra Ashdod
驻拽 驻转,1,驻拽 驻转,Pinukim BePita (1),Opher food (1),Pinukim BePita
驻拽,1,驻拽,Pinki (1),锔Groceries (1),Pinki
驻转 ,2,驻转 ,Campus Food (1); Pinat Ochel (1),Opher food (1); Going out and restaurants (1),Food corner
驻转 驻 专转,6,驻转 驻 专转,Pinat Haofe (6),Going out and restaurants (6),Pinat Haofe
驻转 拽驻,3,驻转 拽驻,Pinat Hakafe (3),锔Groceries (2); House and stuff (1),Pinat Hakafe
驻爪 ,13,驻爪 ,Pizza Alma (13),Going out and restaurants (13),Pizza Alma
驻爪 ,1,驻爪 ,Pizza Guta (1),Going out and restaurants (1),Pizza Guta
驻爪 ,2,驻爪 ,Pizza gold (2),Going out and restaurants (2),Pizza gold
驻爪 注 专 砖注,2,驻爪 注 专 砖注,Pizza agvania (2),Birthdays (2),Pizza agvania
驻爪 注  专 砖注,1,驻爪 注  专 砖注,Pizza agvania (1),Going out and restaurants (1),Pizza agvania
驻专转 砖 拽转,1,驻专转 砖 拽转,Shuk (1),Opher food (1),Shuk
驻转 专转,2,驻转 专转,Pita druzit (2),锔Groceries (2),Pita druzit
驻转 专  注  ,1,驻转 专  注- ,City walls Jerusalem (1),Summer 2024 8000 (1),City walls Jerusalem
驻驻 专,1,驻驻 专,Falafel Hakerem (1),Going out and restaurants (1),Falafel Hakerem
驻驻 ,1,驻驻 ,Felafel Meital (1),Going out and restaurants (1),Felafel Meital
驻  转,4,驻  转,Palais De Thes (4),锔Groceries (4),Palais De Thes
驻 专 专 专 砖注,2,驻 专 专 专 砖注,Flying Tiger (2),House and stuff (1); Birthdays (1),Flying Tiger
驻,1,驻,Falmango Rosh Pina (1),Clothing (1),Falmango Rosh Pina
驻专,1,驻专,Pandora (1),Birthdays (1),Pandora
驻爪专转 专,1,驻爪专转 专,HaErez Tires Magar (1),Auto Maintenance (1),HaErez Tires Magar
驻住 住 专 砖注,1,驻住 住 专 砖注,Pasta Basta (1),Going out and restaurants (1),Pasta Basta
驻住 专  注,1,驻住 专  注,Passim Garden furniture (1),Bat Mitzvah 17000 (1),Passim Garden furniture
驻住驻专专 砖专 住转 ,2,驻住驻专专 砖专 住转 ,Passport card insurance (2),Bat Mitzvah 17000 (1); Mikael (1),Passport card insurance
驻注转 住专 专 砖注,2,驻注转 住专 专 砖注,Paamit Store (2),House and stuff (2),Paamit Store
驻专住 yellow  驻,1,驻专住 YELLOW / -驻,Paz (1),Gas (1),Paz
驻专 ,2,驻专 ,Adva Flowers (2),Gifts (1); House and stuff (1),Adva Flowers
驻专 专抓,1,驻专 专抓,Pri Haaretz (1),锔Groceries (1),Pri Haaretz
驻专  专转 拽注,4,驻专  | 专转 拽注,Free TV (4),Software Subscriptions (4),Free TV
驻专注 ,47,驻专注 ,"Loan Pilates (24); Transfer : Loan Leumi 45,000 06_2022 (23)",Pilates (24); Investment income and expenses (23),Loan payment
爪 驻爪 拽 拽驻 注,4,爪'驻爪'拽 拽驻 注,Chupchik Coffee (4),Going out and restaurants (4),Chupchik Coffee
爪转 yellow  驻,1,爪转 YELLOW -驻,Yellow (1),Gas (1),Yellow
爪转 住驻专 专 砖注,11,爪转 住驻专 专 砖注,Tsomet Sfarim (7); Tzomet Sfarim (4),House and stuff (10); Birthdays (1),Tzomet Sfarim
爪转 住驻专 拽,1,爪转 住驻专 拽,Tzomet Sfarim (1),Gifts (1),Tzomet Sfarim
爪转 住驻专 专 专砖,1,爪转 住驻专 专 专砖,Tzomet Sfarim Jerusalem (1),House and stuff (1),Tzomet Sfarim Jerusalem
爪专住 驻住  专 砖,3,爪专住 驻住  专 砖,Children Place (3),Clothing (3),Children Place
爪japanika,1,爪JAPANIKA,Japanika (1),Summer 2025 (1),Japanika
爪yellow  驻,2,爪YELLOW - -驻,Gas Food (1); Gas (1),Summer 2025 (2),
爪 专驻,1,爪 专驻,Zmigim Rafi (1),Auto Maintenance (1),Zmigim Rafi
爪专转 转 驻  注,8,爪专转-转 驻  注,Beit Hapaham (7); Vegetable Sheli (1),锔Groceries (7); House and stuff (1),Beit Hapaham
爪专转 驻转 注,2,爪专转 驻转 注,Yodfat Grocery (2),锔Groceries (2),Yodfat Grocery
拽爪转 拽驻 砖,1,拽爪转 拽驻 砖,Kampai (1),Going out and restaurants (1),Kampai
拽 专驻 专 砖注 注,1,拽 专驻 专 砖注 注,Zmigim Rafi (1),Auto Maintenance (1),Zmigim Rafi
拽,3,拽,Columbia (3),Bulgaria July 2025 (3),Columbia
拽专,1,拽专,Coloretto (1),Going out and restaurants (1),Coloretto
拽专转 专 注,1,拽专转 专 注,Martin (1),Going out and restaurants (1),Martin
拽驻专 驻拽 砖专转 转,3,拽驻专 驻拽 砖专转 转,Cooper and Pako Tel Aviv (2); Kooper and Pako Tel Aviv (1),Going out and restaurants (3),Kooper and Pako Tel Aviv
拽驻转 转 ,2,拽驻转 转 ,Kupat Tel Aviv (2),Summer 2024 8000 (2),Kupat Tel Aviv
拽拽住 砖,1,拽拽住 砖,Cookies Ashdod (1),Opher food (1),Cookies Ashdod
拽抓 转yellow  驻,1,拽抓 转YELLOW -驻,Paz (1),Gas (1),Paz
拽 注 砖 ,1,拽 注 砖 ,Kidum yeda vehaskala (1),Chugim (1),Kidum yeda vehaskala
拽专 驻住performancerock,1,拽专 驻住PERFORMANCEROCK,Kir Tipus (1),Chugim (1),Kir Tipus
拽  住专 注,1,拽  住专 注,Kal gav (1),House and stuff (1),Kal gav
拽驻 砖驻,9,拽驻 砖驻,Klop shop (9),锔Groceries (6); Birthdays (2); Bat Mitzvah 17000 (1),Klop shop
拽 专抓,4,拽 专抓,Flour of the earth (3); Kemach Haaretz (1),锔Groceries (4),Flour of the earth
拽 专抓 转 砖 注,4,拽 专抓 - 转 砖 注,Flour of the earth (3); Kemach Haaretz (1),锔Groceries (4),Flour of the earth
拽驻 注,1,拽驻 注,Kampai (1),Birthdays (1),Kampai
拽驻 ,5,拽驻 ,Kampai (5),Going out and restaurants (5),Kampai
拽 carrefour,1,拽 CARREFOUR,Carrefour (1),锔Groceries (1),Carrefour
拽 转 专 住专,1,拽 转 专 住专,Kanyoon Lahayot (1),Pets (1),Kanyoon Lahayot
拽转  rexail,2,拽转 -REXAIL,Rexail (2),锔Groceries (2),Rexail
拽住 砖专 驻住,1,拽住 砖专 驻住,Kasai (1),Pilates (1),Kasai
拽驻住,1,拽驻住,Kepasa (1),Going out and restaurants (1),Kepasa
拽驻 专   ,1,2014 拽驻 专.. -,Cafe Gourmet Jerusalem (1),Summer 2024 8000 (1),Cafe Gourmet Jerusalem
拽驻 专 住祝 拽  专,1,拽驻 专 住祝 拽  专,Greg (1),Going out and restaurants (1),Greg
拽驻 专拽,2,拽驻 专拽,Turkish coffee Jerusalem (1); Be Fresh Midrahov Jerusalem (1),Summer 2024 8000 (2),Turkish Coffe Jerusalem
拽驻 专,4,拽驻 专,Landwer (4),Birthdays (2); Going out and restaurants (2),Landwer
拽驻  专转 住专,1,拽驻  专转 住专,Cafe Neto (1),Going out and restaurants (1),Cafe Neto
拽驻 住,1,拽驻 住,Cafe Suzanna (1),Going out and restaurants (1),Cafe Suzanna
拽驻 住驻专,1,拽驻 住驻专,Cafe Sparro Tal Shahar (1),Opher food (1),Cafe Sparro Tal Shahar
拽驻 注转 拽专转 砖 砖,1,拽驻 注转 拽专转 砖 砖,Cafe Illit (1),Opher food (1),Cafe Illit
拽驻 注转 专转 专 砖注 ,5,拽驻 注转 专转 专 砖注 ,Train food (5),锔Groceries (4); Opher food (1),Train food
拽驻 注转 专转 砖专 住专,1,拽驻 注转 专转 砖专 住专,Train food (1),锔Groceries (1),Train food
拽驻 注转 专转 转  ,1,拽驻 注转 专转 转  ,Train food (1),Opher food (1),Train food
拽驻 驻专 ,1,拽驻 驻专 ,Cafe Flora Sede Moshe (1),Going out and restaurants (1),Cafe Flora Sede Moshe
拽驻 拽驻 祝,1,拽驻 拽驻 祝,Cafe cafe Tel Aviv (1),Going out and restaurants (1),Cafe cafe Tel Aviv
拽驻 专注,22,拽驻 专注,Cafe Rega (22),Going out and restaurants (20); Opher food (2),Cafe Rega
拽驻 专,1,拽驻 专,Cafe Romano Tel Aviv (1),Going out and restaurants (1),Cafe Romano Tel Aviv
拽驻转,1,拽驻转,Capit Jerusalem (1),Opher food (1),Capit Jerusalem
拽爪转  ,19,拽爪转 -,Bituach Leumi Children (19),Ready to Assign (19),Bituach Leumi Children
拽拽 注,5,拽拽 注,Cacao Natural (5),锔Groceries (5),Cacao Natural
拽专抓 砖专,27,拽专抓 砖专,Kravitz (26); Campus Food (1),House and stuff (22); Opher food (3); 锔Groceries (1),Kravitz
拽专  专 注,1,拽专  专 注,Cardinal (1),锔Groceries (1),Cardinal
拽专 砖驻 专 ,1,拽专 砖驻 (专) ,Yoel Donchin (1),Bat Mitzvah 17000 (1),Yoel Donchin
拽专拽住,2,拽专拽住,Crocs (2),Clothing (2),Crocs
拽专转 砖 yellow  驻,4,拽专转 砖/YELLOW -驻,Yellow (3); Paz (1),Gas (4),Yellow
拽专 专,2,拽专 专,Summer camp Keren Gurion (1); Keren Gurion (1),Summer 2024 8000 (2),Keren Gurion
拽专  专转 拽注,6,拽专  | 专转 拽注,Maccabi (6),Medical (6),Maccabi
拽专转 住,1,拽专转 住,Karnit Wasling (1),Investment income and expenses (1),Karnit Wasling
拽专祝 专 砖,11,拽专祝 专 砖,Campus Food (11),Opher food (11),Campus Food
拽砖专 注 砖,1,拽砖专 注 - 砖,Kesher Ein (1),Medical (1),Kesher Ein
拽砖转 注 专 砖注,1,拽砖转 注 专 砖注,Keshet Teamim (1),锔Groceries (1),Keshet Teamim
专 转 驻拽拽 注  ,1,专 转 驻拽拽 注.. -,Beit Hapankeik Em Hadereh (1),Going out and restaurants (1),Beit Hapankeik Em Hadereh
专砖 砖 专 砖注 注,1,专砖 砖 专 砖注 注,Rosh Hashmal (1),House and stuff (1),Rosh Hashmal
专转 转,7,专转 转,Interest (5); Tax refund (1); Bank leumi (1),Ready to Assign (6); Investment income and expenses (1),Interest
专 专专 注,1,专 专专 注,Roys Burger (1),Going out and restaurants (1),Roys Burger
专  专 砖注,1,专  专 砖注,Roladin (1),Going out and restaurants (1),Roladin
专 专,1,专 专,Roladin (1),Going out and restaurants (1),Roladin
专  祝 驻爪,2,专 ( 祝 驻爪,Aluf Hapizuhim (1); Corner Store (1),锔Groceries (2),Aluf Hapizuhim
专 拽专,1,专 拽专,Danielle (1),Danielle (1),Danielle
专转 注,1,专转 注,Bake sale (1),Pocket money (1),Bake sale
专 专专 注转拽,2,专 专专 注转拽,Smilanksy Festival (1); Reburger (1),Going out and restaurants (2),Ray Burger
专转 ,6,专转 ,Interest (3); Bank leumi (2); Interest pament (1),Bank Interest & Fees (6),Interest payments
专转 专住,2,专转 专住,Isshin Aikido (2),Aikido (2),Isshin Aikido
专转 砖专 专 砖注 爪驻,4,专转 砖专-专 砖注 爪驻,train (3); Rav pas (1),Transportation (3); Birthdays (1),train
专转 砖专 ,1,专转 砖专-,train (1),Transportation (1),train
专转 砖专  转注驻 ,2,专转 砖专-  转注驻 ,train (2),Bulgaria July 2025 (2),train
专  专 砖注,8,专  - 专 砖注,Rami Levi (4); Rami Levy (4),锔Groceries (7); Bat Mitzvah 17000 (1),
专 拽专,3,专 拽专,Rami Kallir (2); Hava Kallir (1),Loans and transfers (3),
专砖转 专 专 注 转,1,专砖转 专 专 注 转,Postal Service (1),House and stuff (1),Postal Service
专砖转 专 专砖转 爪专 专,3,专砖转 专-专砖转 爪专 专,Postal Service (2); Post office (1),House and stuff (3),
专砖转 注  ,1,专砖转 注  ,Matmon Reshut Hateva (1),Birthdays (1),Matmon Reshut Hateva
专砖转 注  专转,1,专砖转 注  - 专转,Matmon Reshut Hateva (1),Summer 2024 8000 (1),Matmon Reshut Hateva
专砖转 注  住,1,专砖转 注  住,Reshut hateva stores (1),Summer 2025 (1),Reshut hateva stores
专砖转 注  住住转,1,专砖转 注  -住住转,Sosita (1),Summer 2025 (1),Sosita
专砖转转 转专 专 砖注,1,专砖转转 转专 专 砖注,Lighting Neetwork (1),House and stuff (1),Lighting Neetwork
专砖转转 转专  专砖 驻,1,专砖转转 转专  专砖 驻,Light Network Rosh Pina (1),House and stuff (1),Light Network Rosh Pina
砖 专 砖注,4,砖 专 砖注,Shvilim Beer sheva (3); Shvilim outlet (1),Bulgaria July 2025 (3); Clothing (1),Shvilim Beer sheva
砖 注驻 ,1,砖 注驻 ,Shvilim outlet (1),Clothing (1),Shvilim outlet
砖 yellow  驻,1,砖/YELLOW -驻,Yellow (1),Gas (1),Yellow
砖专 专住拽,1,砖专 专住拽,Shawarma Rasko (1),Going out and restaurants (1),Shawarma Rasko
砖专 砖注 注,1,砖专 砖注 注,Schwarma Shimoni (1),Going out and restaurants (1),Schwarma Shimoni
砖 专,1,砖 专,Shawn Martinov (1),Mikael (1),Shawn Martinov
砖驻专住 拽住驻专住 专专 专 砖注,3,砖驻专住 拽住驻专住 专专 专 砖注,Supersal (3),锔Groceries (3),Supersal
砖驻专住  专 专 砖注,1,砖驻专住  专 专 砖注,Supersal (1),锔Groceries (1),Supersal
砖驻专住  专转 砖,5,砖驻专住  专转 砖,Supersal (5),锔Groceries (5),Supersal
砖驻专住  砖 ,1,砖驻专住  砖 ,Supersal (1),锔Groceries (1),Supersal
砖驻专住  转驻转,1,砖驻专住  转驻转,Supersal (1),锔Groceries (1),Supersal
砖拽 专25m,1,砖拽 专25M,Shuk Karmel (1),House and stuff (1),Shuk Karmel
砖拽 砖,1,砖拽 砖,Shlomi Chocolate Jerusalem (1),Summer 2024 8000 (1),Shlomi Chocolate Jerusalem
砖专 拽爪,6,砖专 拽爪,Isshin Aikido (6),Aikido (6),Isshin Aikido
砖驻转 拽,1,砖驻转 拽,Car wash Dekel (1),Auto Maintenance (1),Car wash Dekel
砖驻 拽专 住专,1,砖驻 拽专 住专,Austrian Bakery Tel Aviv (1),Going out and restaurants (1),Austrian Bakery Tel Aviv
砖 砖专拽,3,砖 砖专拽,Mazal Shuker (1); Shean Shirakava (1); Yonit Friedman (1),Loans and transfers (2); Mikael (1),Shean Shirkava
砖 拽专,2,砖 拽专,Smilanksy Festival (1); Reburger (1),Going out and restaurants (2),Shake Bakatar
砖拽 拽专,1,砖拽 拽专,Shake Bakatar (1),Going out and restaurants (1),Shake Bakatar
砖拽 砖拽,1,砖拽 砖拽,Shake Shack Tel Aviv (1),Going out and restaurants (1),Shake Shack Tel Aviv
砖专  专,11,砖专  专,Shira Yahav (11),Chugim parents (11),Shira Yahav
砖专 注   砖,61,砖专 注.. -砖,Shiri (61),锔Groceries (61),Shiri
砖转 爪拽,2,砖转 爪拽,Isshin Aikido (2),Aikido (2),Isshin Aikido
砖 专转,1,砖 专转,Supersal (1),Aikido (1),Supersal
砖   砖拽 拽专,1,砖 ( -砖拽 拽专,Shake Bakatar (1),Going out and restaurants (1),Shake Bakatar
砖祝 驻,1,砖祝 驻,Chef Depot (1),House and stuff (1),Chef Depot
砖驻专 驻专住,3,砖驻专 驻专住,Isshin Aikido (3),Aikido (3),Isshin Aikido
砖拽 ,1,砖拽 ,Duty free Shekem (1),Bulgaria July 2025 (1),Duty free Shekem
砖专转 专转 转  拽 专转,6,"砖专转 专转 转 ""拽 | 专转 拽注",Clalit (6),Medical (6),Clalit
转专 ,7,转专 ,Isshin Aikido (7),Aikido (7),Isshin Aikido
转专 驻   ,35,转专 - 驻 . -,Pango moovit (34); Pango (1),Transportation (35),Pango moovit
转专 专 驻住  ,193,转专- 专-驻住. -,Rav pas (189); Bank leumi (1); Ravkav (1),Transportation (181); Bulgaria July 2025 (6); Summer 2024 8000 (4),Rav pas
转转 拽 注 砖专,1,转转 拽 注 砖专,Delek (1),Gas (1),Delek
转转 驻专,2,转转 驻专,Petrol (2),Gas (2),Petrol
转专 专 ,1,转专 专-,Beer Sheva Theater (1),Summer 2024 8000 (1),Beer Sheva Theater
转 注专 拽祝 ,2,转 注专 拽祝 ,Mekif A (2),Mekif A 2000 July (2),Mekif A
转 注专 拽祝   砖,1,"转 注专 拽祝 ' ""砖",Mekif A (1),Mekif A 2000 July (1),Mekif A
转 注专 拽祝  砖,1,转 注专 拽祝 ' 砖,Mekif C (1),Mekif C 2000 July (1),Mekif C
转砖 砖专,1,转砖 砖专,Israel Jewlery Grand Mall (1),Clothing (1),Israel Jewlery Grand Mall
转专转 驻  ,5,转专转 驻? -,Kivunim (3); Mishkan Omanuyot (1); Beer Sheva Theater (1),Chugim (3); Theater subscription 800 July (1); Going out and restaurants (1),Kivunim
转砖 david martin adv,1,转砖 DAVID MARTIN ADV,David Marten Lawyer (1),Investment income and expenses (1),David Marten Lawyer
转砖 gongxu ji,4,转砖 GONGXU JI,Subject (2); Merkaz Hahalbasha (1); Present (1),University (2); Clothing (1); Gifts (1),Subject
转砖 xinrui zhao,3,转砖 XINRUI ZHAO,Subject (3),University (3),Subject
转砖 xulong hou,1,转砖 XULONG HOU,Subject (1),University (1),Subject
转砖 yi jiang,1,转砖 YI JIANG,Subject (1),University (1),Subject
转砖 yipeng gou,3,转砖 YIPENG GOU,Subject (3),University (3),Subject
转砖 yu zeng,4,转砖 YU ZENG,Subject (2); Merkaz Hahalbasha (1); Present (1),University (2); Clothing (1); Gifts (1),Subject
转砖 yuchen wang,3,转砖 YUCHEN WANG,Subject (3),University (3),Subject
